unit,group,conversation,turn,Data,Theory,Question,Example,Critique
At01,A_tight,At01_session,0,1,1,0,0,0
At01,A_tight,At01_session,1,1,0,0,1,0
At01,A_tight,At01_session,2,1,0,0,0,0
At01,A_tight,At01_session,3,0,0,0,1,0
At01,A_tight,At01_session,4,0,0,0,0,1
At01,A_tight,At01_session,5,0,0,1,0,0
At01,A_tight,At01_session,6,0,0,1,0,0
At01,A_tight,At01_session,7,1,0,1,0,0
At01,A_tight,At01_session,8,0,0,0,0,0
At01,A_tight,At01_session,9,0,0,0,0,0
At01,A_tight,At01_session,10,0,0,1,1,0
At01,A_tight,At01_session,11,1,0,0,1,0
At01,A_tight,At01_session,12,0,0,0,1,0
At01,A_tight,At01_session,13,0,0,1,0,0
At01,A_tight,At01_session,14,0,0,1,1,0
At01,A_tight,At01_session,15,0,0,0,1,0
At01,A_tight,At01_session,16,1,0,0,0,0
At01,A_tight,At01_session,17,1,0,0,0,0
At01,A_tight,At01_session,18,0,0,0,1,0
At01,A_tight,At01_session,19,1,0,0,0,0
At02,A_tight,At02_session,0,1,0,0,0,0
At02,A_tight,At02_session,1,0,0,1,0,0
At02,A_tight,At02_session,2,0,0,0,1,0
At02,A_tight,At02_session,3,1,0,0,1,0
At02,A_tight,At02_session,4,1,0,1,1,0
At02,A_tight,At02_session,5,1,0,0,1,0
At02,A_tight,At02_session,6,0,0,0,1,0
At02,A_tight,At02_session,7,1,0,0,1,0
At02,A_tight,At02_session,8,0,0,1,0,0
At02,A_tight,At02_session,9,1,0,0,1,0
At02,A_tight,At02_session,10,1,0,0,0,0
At02,A_tight,At02_session,11,0,0,1,1,0
At02,A_tight,At02_session,12,0,1,0,1,0
At02,A_tight,At02_session,13,1,0,0,0,0
At02,A_tight,At02_session,14,1,0,0,0,0
At02,A_tight,At02_session,15,0,0,0,0,0
At02,A_tight,At02_session,16,1,0,0,0,0
At02,A_tight,At02_session,17,1,0,0,0,0
At02,A_tight,At02_session,18,0,0,1,0,0
At02,A_tight,At02_session,19,1,0,0,1,0
At03,A_tight,At03_session,0,1,0,0,0,0
At03,A_tight,At03_session,1,0,0,1,1,0
At03,A_tight,At03_session,2,1,0,0,0,0
At03,A_tight,At03_session,3,0,0,0,0,0
At03,A_tight,At03_session,4,0,0,1,0,0
At03,A_tight,At03_session,5,0,0,0,1,1
At03,A_tight,At03_session,6,0,0,0,0,0
At03,A_tight,At03_session,7,1,0,0,1,0
At03,A_tight,At03_session,8,0,0,0,0,1
At03,A_tight,At03_session,9,0,0,1,0,0
At03,A_tight,At03_session,10,0,0,0,1,0
At03,A_tight,At03_session,11,0,0,0,0,0
At03,A_tight,At03_session,12,1,0,0,0,0
At03,A_tight,At03_session,13,0,0,0,1,0
At03,A_tight,At03_session,14,1,0,0,1,0
At03,A_tight,At03_session,15,1,1,0,1,0
At03,A_tight,At03_session,16,0,0,0,0,1
At03,A_tight,At03_session,17,1,0,0,0,0
At03,A_tight,At03_session,18,0,0,0,0,0
At03,A_tight,At03_session,19,1,0,1,0,0
At04,A_tight,At04_session,0,0,0,0,1,0
At04,A_tight,At04_session,1,0,0,0,0,0
At04,A_tight,At04_session,2,1,0,1,1,1
At04,A_tight,At04_session,3,1,0,0,0,0
At04,A_tight,At04_session,4,1,0,1,0,0
At04,A_tight,At04_session,5,0,0,1,1,0
At04,A_tight,At04_session,6,1,0,0,1,1
At04,A_tight,At04_session,7,0,1,0,0,0
At04,A_tight,At04_session,8,1,0,0,0,0
At04,A_tight,At04_session,9,1,0,0,1,1
At04,A_tight,At04_session,10,1,1,1,0,1
At04,A_tight,At04_session,11,1,0,1,0,0
At04,A_tight,At04_session,12,1,0,0,0,0
At04,A_tight,At04_session,13,0,0,1,0,0
At04,A_tight,At04_session,14,0,0,0,0,0
At04,A_tight,At04_session,15,0,0,0,0,0
At04,A_tight,At04_session,16,1,0,0,0,0
At04,A_tight,At04_session,17,0,0,1,0,0
At04,A_tight,At04_session,18,1,0,0,0,0
At04,A_tight,At04_session,19,1,0,0,0,0
At05,A_tight,At05_session,0,0,0,0,1,0
At05,A_tight,At05_session,1,1,0,0,1,0
At05,A_tight,At05_session,2,0,0,0,0,0
At05,A_tight,At05_session,3,1,0,0,1,0
At05,A_tight,At05_session,4,0,0,0,1,0
At05,A_tight,At05_session,5,0,0,0,0,0
At05,A_tight,At05_session,6,1,1,0,1,0
At05,A_tight,At05_session,7,1,0,0,0,0
At05,A_tight,At05_session,8,1,0,0,1,0
At05,A_tight,At05_session,9,1,0,1,0,0
At05,A_tight,At05_session,10,0,0,0,0,0
At05,A_tight,At05_session,11,0,0,0,0,0
At05,A_tight,At05_session,12,0,1,0,0,0
At05,A_tight,At05_session,13,1,0,0,1,0
At05,A_tight,At05_session,14,1,0,1,0,0
At05,A_tight,At05_session,15,0,0,0,0,0
At05,A_tight,At05_session,16,1,0,0,0,0
At05,A_tight,At05_session,17,0,0,0,0,1
At05,A_tight,At05_session,18,1,0,0,0,0
At05,A_tight,At05_session,19,0,0,0,0,0
At06,A_tight,At06_session,0,0,0,0,0,0
At06,A_tight,At06_session,1,0,0,0,0,0
At06,A_tight,At06_session,2,0,0,0,0,0
At06,A_tight,At06_session,3,1,0,0,0,0
At06,A_tight,At06_session,4,0,0,0,0,0
At06,A_tight,At06_session,5,1,0,1,0,0
At06,A_tight,At06_session,6,0,0,1,1,0
At06,A_tight,At06_session,7,0,0,0,0,0
At06,A_tight,At06_session,8,0,0,0,0,0
At06,A_tight,At06_session,9,0,0,0,0,0
At06,A_tight,At06_session,10,1,0,0,1,0
At06,A_tight,At06_session,11,1,0,1,1,0
At06,A_tight,At06_session,12,1,0,1,1,0
At06,A_tight,At06_session,13,1,0,1,1,1
At06,A_tight,At06_session,14,1,0,1,1,1
At06,A_tight,At06_session,15,1,0,0,0,0
At06,A_tight,At06_session,16,1,0,0,1,0
At06,A_tight,At06_session,17,0,0,0,0,0
At06,A_tight,At06_session,18,1,0,0,0,0
At06,A_tight,At06_session,19,1,0,0,1,0
At07,A_tight,At07_session,0,1,0,0,1,0
At07,A_tight,At07_session,1,1,0,0,1,0
At07,A_tight,At07_session,2,0,0,0,0,0
At07,A_tight,At07_session,3,1,0,0,0,0
At07,A_tight,At07_session,4,1,0,0,0,0
At07,A_tight,At07_session,5,1,0,0,1,0
At07,A_tight,At07_session,6,1,0,1,1,0
At07,A_tight,At07_session,7,1,0,1,0,0
At07,A_tight,At07_session,8,0,0,0,0,0
At07,A_tight,At07_session,9,0,0,1,0,0
At07,A_tight,At07_session,10,0,0,0,0,0
At07,A_tight,At07_session,11,1,0,0,1,0
At07,A_tight,At07_session,12,0,0,0,1,0
At07,A_tight,At07_session,13,0,1,0,1,1
At07,A_tight,At07_session,14,0,0,0,1,0
At07,A_tight,At07_session,15,0,0,0,0,0
At07,A_tight,At07_session,16,0,0,0,1,0
At07,A_tight,At07_session,17,0,0,1,0,0
At07,A_tight,At07_session,18,0,0,0,1,0
At07,A_tight,At07_session,19,1,0,0,0,0
At08,A_tight,At08_session,0,1,0,0,0,0
At08,A_tight,At08_session,1,0,0,0,0,0
At08,A_tight,At08_session,2,1,0,0,1,0
At08,A_tight,At08_session,3,0,0,0,0,0
At08,A_tight,At08_session,4,1,0,0,0,1
At08,A_tight,At08_session,5,0,0,0,1,0
At08,A_tight,At08_session,6,1,0,1,0,0
At08,A_tight,At08_session,7,1,0,0,0,0
At08,A_tight,At08_session,8,0,0,0,1,0
At08,A_tight,At08_session,9,0,0,0,0,0
At08,A_tight,At08_session,10,1,0,0,0,1
At08,A_tight,At08_session,11,0,0,0,0,0
At08,A_tight,At08_session,12,0,0,0,0,0
At08,A_tight,At08_session,13,0,0,0,0,0
At08,A_tight,At08_session,14,0,0,1,0,0
At08,A_tight,At08_session,15,1,0,0,1,0
At08,A_tight,At08_session,16,0,1,0,0,0
At08,A_tight,At08_session,17,0,0,0,0,0
At08,A_tight,At08_session,18,1,0,1,1,0
At08,A_tight,At08_session,19,1,0,0,0,0
At09,A_tight,At09_session,0,1,0,0,0,0
At09,A_tight,At09_session,1,1,0,0,0,0
At09,A_tight,At09_session,2,1,1,0,0,1
At09,A_tight,At09_session,3,0,0,0,0,0
At09,A_tight,At09_session,4,0,0,0,0,0
At09,A_tight,At09_session,5,1,0,0,1,1
At09,A_tight,At09_session,6,1,0,0,1,0
At09,A_tight,At09_session,7,1,0,1,1,0
At09,A_tight,At09_session,8,1,0,0,1,0
At09,A_tight,At09_session,9,0,0,0,1,0
At09,A_tight,At09_session,10,1,0,0,1,0
At09,A_tight,At09_session,11,1,1,0,0,0
At09,A_tight,At09_session,12,0,0,0,1,0
At09,A_tight,At09_session,13,0,0,0,1,0
At09,A_tight,At09_session,14,1,0,0,0,0
At09,A_tight,At09_session,15,0,0,0,0,0
At09,A_tight,At09_session,16,1,0,0,0,0
At09,A_tight,At09_session,17,1,0,0,0,0
At09,A_tight,At09_session,18,1,1,0,1,0
At09,A_tight,At09_session,19,1,0,0,0,0
At10,A_tight,At10_session,0,0,0,1,0,0
At10,A_tight,At10_session,1,1,0,1,1,0
At10,A_tight,At10_session,2,1,0,0,1,0
At10,A_tight,At10_session,3,1,0,0,0,0
At10,A_tight,At10_session,4,0,0,0,1,1
At10,A_tight,At10_session,5,1,0,1,0,0
At10,A_tight,At10_session,6,1,0,1,1,0
At10,A_tight,At10_session,7,0,0,0,1,0
At10,A_tight,At10_session,8,0,0,0,0,0
At10,A_tight,At10_session,9,1,0,1,0,0
At10,A_tight,At10_session,10,1,0,0,0,0
At10,A_tight,At10_session,11,0,0,0,1,0
At10,A_tight,At10_session,12,1,0,0,1,0
At10,A_tight,At10_session,13,0,0,0,0,1
At10,A_tight,At10_session,14,0,0,0,0,0
At10,A_tight,At10_session,15,0,0,0,1,0
At10,A_tight,At10_session,16,1,0,0,1,1
At10,A_tight,At10_session,17,0,0,0,1,0
At10,A_tight,At10_session,18,0,0,0,0,0
At10,A_tight,At10_session,19,0,0,1,0,1
At11,A_tight,At11_session,0,1,0,0,0,0
At11,A_tight,At11_session,1,0,0,0,1,0
At11,A_tight,At11_session,2,0,0,1,1,0
At11,A_tight,At11_session,3,1,0,1,1,0
At11,A_tight,At11_session,4,1,0,0,1,0
At11,A_tight,At11_session,5,0,0,0,0,0
At11,A_tight,At11_session,6,1,0,1,0,0
At11,A_tight,At11_session,7,0,0,0,0,0
At11,A_tight,At11_session,8,1,0,1,0,0
At11,A_tight,At11_session,9,1,0,0,0,0
At11,A_tight,At11_session,10,1,0,0,0,0
At11,A_tight,At11_session,11,0,0,1,0,0
At11,A_tight,At11_session,12,0,0,0,1,1
At11,A_tight,At11_session,13,0,0,0,0,0
At11,A_tight,At11_session,14,0,0,0,1,0
At11,A_tight,At11_session,15,0,0,1,1,0
At11,A_tight,At11_session,16,1,0,0,0,0
At11,A_tight,At11_session,17,0,0,0,0,0
At11,A_tight,At11_session,18,0,0,0,0,0
At11,A_tight,At11_session,19,0,0,0,0,0
At12,A_tight,At12_session,0,0,0,0,0,0
At12,A_tight,At12_session,1,0,0,0,1,0
At12,A_tight,At12_session,2,0,0,0,1,0
At12,A_tight,At12_session,3,0,0,1,0,0
At12,A_tight,At12_session,4,0,0,0,0,0
At12,A_tight,At12_session,5,0,0,1,1,0
At12,A_tight,At12_session,6,1,0,0,0,1
At12,A_tight,At12_session,7,0,0,0,0,0
At12,A_tight,At12_session,8,0,1,1,1,0
At12,A_tight,At12_session,9,0,0,0,1,0
At12,A_tight,At12_session,10,1,0,1,0,0
At12,A_tight,At12_session,11,1,0,0,0,0
At12,A_tight,At12_session,12,0,0,0,0,0
At12,A_tight,At12_session,13,0,0,0,0,0
At12,A_tight,At12_session,14,0,0,1,1,0
At12,A_tight,At12_session,15,1,0,0,0,0
At12,A_tight,At12_session,16,0,0,0,0,0
At12,A_tight,At12_session,17,0,0,1,0,0
At12,A_tight,At12_session,18,0,0,1,1,0
At12,A_tight,At12_session,19,1,0,0,1,0
At13,A_tight,At13_session,0,1,0,0,0,0
At13,A_tight,At13_session,1,0,0,0,1,0
At13,A_tight,At13_session,2,1,0,0,1,0
At13,A_tight,At13_session,3,0,0,0,1,0
At13,A_tight,At13_session,4,0,0,0,1,0
At13,A_tight,At13_session,5,1,0,0,0,0
At13,A_tight,At13_session,6,1,0,1,0,0
At13,A_tight,At13_session,7,1,0,1,0,0
At13,A_tight,At13_session,8,0,0,0,1,0
At13,A_tight,At13_session,9,1,0,0,0,0
At13,A_tight,At13_session,10,0,0,0,1,1
At13,A_tight,At13_session,11,1,0,0,1,0
At13,A_tight,At13_session,12,1,0,0,0,0
At13,A_tight,At13_session,13,0,0,0,0,0
At13,A_tight,At13_session,14,0,0,0,1,1
At13,A_tight,At13_session,15,1,0,0,0,0
At13,A_tight,At13_session,16,1,0,0,0,1
At13,A_tight,At13_session,17,0,0,0,0,0
At13,A_tight,At13_session,18,0,0,0,1,0
At13,A_tight,At13_session,19,0,0,0,0,0
At14,A_tight,At14_session,0,0,0,0,0,0
At14,A_tight,At14_session,1,0,0,0,1,0
At14,A_tight,At14_session,2,1,0,0,1,0
At14,A_tight,At14_session,3,1,0,1,0,0
At14,A_tight,At14_session,4,1,0,1,0,0
At14,A_tight,At14_session,5,0,0,0,0,0
At14,A_tight,At14_session,6,1,0,1,0,0
At14,A_tight,At14_session,7,1,0,0,0,0
At14,A_tight,At14_session,8,1,0,0,1,0
At14,A_tight,At14_session,9,0,1,1,0,0
At14,A_tight,At14_session,10,1,0,1,1,0
At14,A_tight,At14_session,11,0,1,0,0,0
At14,A_tight,At14_session,12,1,0,0,0,0
At14,A_tight,At14_session,13,1,0,0,1,0
At14,A_tight,At14_session,14,0,0,0,0,0
At14,A_tight,At14_session,15,1,0,0,0,0
At14,A_tight,At14_session,16,0,0,0,0,1
At14,A_tight,At14_session,17,0,0,0,1,0
At14,A_tight,At14_session,18,1,0,1,0,0
At14,A_tight,At14_session,19,1,0,0,0,0
At15,A_tight,At15_session,0,0,0,0,0,0
At15,A_tight,At15_session,1,0,0,0,1,0
At15,A_tight,At15_session,2,1,0,0,1,0
At15,A_tight,At15_session,3,1,0,0,1,0
At15,A_tight,At15_session,4,0,0,0,1,0
At15,A_tight,At15_session,5,0,0,1,1,0
At15,A_tight,At15_session,6,1,0,0,0,0
At15,A_tight,At15_session,7,0,0,0,1,0
At15,A_tight,At15_session,8,1,0,0,1,0
At15,A_tight,At15_session,9,1,0,0,1,0
At15,A_tight,At15_session,10,1,0,0,0,0
At15,A_tight,At15_session,11,1,0,0,1,0
At15,A_tight,At15_session,12,1,0,0,1,0
At15,A_tight,At15_session,13,0,0,0,1,0
At15,A_tight,At15_session,14,1,0,0,1,0
At15,A_tight,At15_session,15,0,0,0,0,0
At15,A_tight,At15_session,16,1,0,0,0,0
At15,A_tight,At15_session,17,1,0,0,1,0
At15,A_tight,At15_session,18,1,0,1,0,0
At15,A_tight,At15_session,19,0,0,0,0,0
At16,A_tight,At16_session,0,1,0,0,0,0
At16,A_tight,At16_session,1,1,0,0,0,0
At16,A_tight,At16_session,2,0,0,1,1,0
At16,A_tight,At16_session,3,0,0,1,1,0
At16,A_tight,At16_session,4,1,0,0,1,1
At16,A_tight,At16_session,5,0,0,0,1,0
At16,A_tight,At16_session,6,0,0,0,1,0
At16,A_tight,At16_session,7,0,0,0,0,0
At16,A_tight,At16_session,8,1,0,0,0,0
At16,A_tight,At16_session,9,0,0,0,1,0
At16,A_tight,At16_session,10,0,0,0,0,0
At16,A_tight,At16_session,11,1,0,1,0,0
At16,A_tight,At16_session,12,0,0,0,0,1
At16,A_tight,At16_session,13,0,0,0,0,0
At16,A_tight,At16_session,14,1,0,0,1,1
At16,A_tight,At16_session,15,0,0,0,1,0
At16,A_tight,At16_session,16,0,0,0,0,0
At16,A_tight,At16_session,17,0,0,0,1,0
At16,A_tight,At16_session,18,1,0,0,0,0
At16,A_tight,At16_session,19,1,0,0,1,0
At17,A_tight,At17_session,0,0,0,0,0,0
At17,A_tight,At17_session,1,1,0,0,1,0
At17,A_tight,At17_session,2,1,1,1,0,0
At17,A_tight,At17_session,3,0,0,0,0,0
At17,A_tight,At17_session,4,1,0,0,0,0
At17,A_tight,At17_session,5,1,1,0,0,1
At17,A_tight,At17_session,6,0,1,0,0,0
At17,A_tight,At17_session,7,1,0,0,1,0
At17,A_tight,At17_session,8,1,0,0,0,0
At17,A_tight,At17_session,9,1,0,0,0,0
At17,A_tight,At17_session,10,0,0,1,1,0
At17,A_tight,At17_session,11,0,0,0,1,0
At17,A_tight,At17_session,12,1,1,0,0,0
At17,A_tight,At17_session,13,0,0,1,1,0
At17,A_tight,At17_session,14,0,0,0,1,0
At17,A_tight,At17_session,15,1,0,1,0,0
At17,A_tight,At17_session,16,1,0,0,1,0
At17,A_tight,At17_session,17,1,0,0,0,0
At17,A_tight,At17_session,18,1,0,0,1,0
At17,A_tight,At17_session,19,1,0,0,0,0
At18,A_tight,At18_session,0,1,0,0,0,1
At18,A_tight,At18_session,1,1,0,1,1,1
At18,A_tight,At18_session,2,0,0,0,1,0
At18,A_tight,At18_session,3,0,0,1,1,1
At18,A_tight,At18_session,4,0,0,0,1,1
At18,A_tight,At18_session,5,0,0,0,0,0
At18,A_tight,At18_session,6,1,0,0,0,0
At18,A_tight,At18_session,7,0,1,0,0,0
At18,A_tight,At18_session,8,0,0,0,0,0
At18,A_tight,At18_session,9,0,0,0,0,0
At18,A_tight,At18_session,10,1,0,0,0,0
At18,A_tight,At18_session,11,1,0,1,0,0
At18,A_tight,At18_session,12,1,0,0,0,0
At18,A_tight,At18_session,13,1,0,0,0,0
At18,A_tight,At18_session,14,0,0,1,0,0
At18,A_tight,At18_session,15,0,1,1,1,0
At18,A_tight,At18_session,16,0,0,0,0,0
At18,A_tight,At18_session,17,0,0,0,1,0
At18,A_tight,At18_session,18,0,0,0,0,0
At18,A_tight,At18_session,19,1,1,0,0,0
At19,A_tight,At19_session,0,0,0,1,1,0
At19,A_tight,At19_session,1,0,1,0,1,0
At19,A_tight,At19_session,2,1,0,0,1,0
At19,A_tight,At19_session,3,1,0,0,1,0
At19,A_tight,At19_session,4,0,0,0,0,0
At19,A_tight,At19_session,5,0,1,0,1,0
At19,A_tight,At19_session,6,1,0,0,0,1
At19,A_tight,At19_session,7,0,0,0,0,0
At19,A_tight,At19_session,8,0,0,0,0,1
At19,A_tight,At19_session,9,1,0,0,0,0
At19,A_tight,At19_session,10,0,0,1,1,0
At19,A_tight,At19_session,11,1,0,0,0,0
At19,A_tight,At19_session,12,0,0,0,0,0
At19,A_tight,At19_session,13,1,0,0,0,0
At19,A_tight,At19_session,14,0,0,0,1,1
At19,A_tight,At19_session,15,1,0,0,0,0
At19,A_tight,At19_session,16,0,0,0,0,0
At19,A_tight,At19_session,17,1,0,0,0,0
At19,A_tight,At19_session,18,1,0,0,0,0
At19,A_tight,At19_session,19,0,0,0,1,0
At20,A_tight,At20_session,0,1,0,0,1,0
At20,A_tight,At20_session,1,0,0,0,1,0
At20,A_tight,At20_session,2,1,1,0,1,0
At20,A_tight,At20_session,3,1,0,0,1,0
At20,A_tight,At20_session,4,0,0,0,1,0
At20,A_tight,At20_session,5,1,0,0,1,0
At20,A_tight,At20_session,6,1,0,0,0,0
At20,A_tight,At20_session,7,1,0,1,1,0
At20,A_tight,At20_session,8,0,0,0,1,0
At20,A_tight,At20_session,9,0,1,0,0,1
At20,A_tight,At20_session,10,1,0,1,0,0
At20,A_tight,At20_session,11,0,0,0,0,0
At20,A_tight,At20_session,12,1,0,0,0,1
At20,A_tight,At20_session,13,0,0,0,1,0
At20,A_tight,At20_session,14,0,0,0,0,0
At20,A_tight,At20_session,15,0,0,0,0,0
At20,A_tight,At20_session,16,1,1,0,0,0
At20,A_tight,At20_session,17,1,0,0,0,0
At20,A_tight,At20_session,18,0,0,0,0,0
At20,A_tight,At20_session,19,0,0,0,0,0
At21,A_tight,At21_session,0,1,0,0,1,0
At21,A_tight,At21_session,1,1,0,0,0,0
At21,A_tight,At21_session,2,1,0,0,1,0
At21,A_tight,At21_session,3,0,0,0,0,0
At21,A_tight,At21_session,4,0,0,1,0,0
At21,A_tight,At21_session,5,1,1,0,0,0
At21,A_tight,At21_session,6,0,0,0,1,0
At21,A_tight,At21_session,7,0,0,0,1,0
At21,A_tight,At21_session,8,0,0,0,0,0
At21,A_tight,At21_session,9,1,0,0,0,1
At21,A_tight,At21_session,10,1,0,0,0,0
At21,A_tight,At21_session,11,0,0,0,0,0
At21,A_tight,At21_session,12,0,0,1,0,0
At21,A_tight,At21_session,13,0,0,1,0,0
At21,A_tight,At21_session,14,0,0,0,0,0
At21,A_tight,At21_session,15,1,0,1,1,0
At21,A_tight,At21_session,16,0,0,0,0,0
At21,A_tight,At21_session,17,1,0,0,0,1
At21,A_tight,At21_session,18,1,0,0,0,0
At21,A_tight,At21_session,19,0,0,0,1,0
At22,A_tight,At22_session,0,0,0,1,0,0
At22,A_tight,At22_session,1,1,0,0,0,1
At22,A_tight,At22_session,2,0,0,1,1,1
At22,A_tight,At22_session,3,1,0,0,1,0
At22,A_tight,At22_session,4,0,0,0,0,0
At22,A_tight,At22_session,5,0,0,1,1,0
At22,A_tight,At22_session,6,0,1,0,0,0
At22,A_tight,At22_session,7,1,0,0,0,1
At22,A_tight,At22_session,8,1,0,0,0,0
At22,A_tight,At22_session,9,0,0,0,1,0
At22,A_tight,At22_session,10,0,0,0,0,0
At22,A_tight,At22_session,11,0,0,0,1,0
At22,A_tight,At22_session,12,1,0,0,0,0
At22,A_tight,At22_session,13,0,0,0,0,1
At22,A_tight,At22_session,14,1,0,0,1,0
At22,A_tight,At22_session,15,1,0,0,0,0
At22,A_tight,At22_session,16,0,0,1,0,1
At22,A_tight,At22_session,17,1,0,1,1,0
At22,A_tight,At22_session,18,0,0,0,1,0
At22,A_tight,At22_session,19,1,0,0,1,0
At23,A_tight,At23_session,0,1,0,0,0,0
At23,A_tight,At23_session,1,0,0,0,1,0
At23,A_tight,At23_session,2,0,0,1,0,1
At23,A_tight,At23_session,3,1,1,0,0,1
At23,A_tight,At23_session,4,1,0,0,1,0
At23,A_tight,At23_session,5,0,1,1,1,0
At23,A_tight,At23_session,6,0,0,0,0,1
At23,A_tight,At23_session,7,0,0,0,0,0
At23,A_tight,At23_session,8,1,0,1,0,0
At23,A_tight,At23_session,9,1,0,0,0,0
At23,A_tight,At23_session,10,1,0,0,1,0
At23,A_tight,At23_session,11,0,0,0,0,0
At23,A_tight,At23_session,12,1,0,0,0,0
At23,A_tight,At23_session,13,0,0,0,0,0
At23,A_tight,At23_session,14,0,0,0,0,0
At23,A_tight,At23_session,15,1,0,0,1,0
At23,A_tight,At23_session,16,1,0,1,0,0
At23,A_tight,At23_session,17,1,1,0,1,0
At23,A_tight,At23_session,18,0,0,0,0,0
At23,A_tight,At23_session,19,0,0,0,1,0
At24,A_tight,At24_session,0,1,1,0,0,0
At24,A_tight,At24_session,1,0,0,0,1,0
At24,A_tight,At24_session,2,0,0,0,1,0
At24,A_tight,At24_session,3,1,0,0,0,0
At24,A_tight,At24_session,4,0,0,0,0,0
At24,A_tight,At24_session,5,1,0,0,1,0
At24,A_tight,At24_session,6,1,0,0,1,0
At24,A_tight,At24_session,7,1,0,0,0,0
At24,A_tight,At24_session,8,0,0,0,0,0
At24,A_tight,At24_session,9,1,0,1,0,0
At24,A_tight,At24_session,10,1,0,0,0,0
At24,A_tight,At24_session,11,0,0,0,1,0
At24,A_tight,At24_session,12,1,0,0,1,0
At24,A_tight,At24_session,13,0,0,0,0,0
At24,A_tight,At24_session,14,1,0,0,0,0
At24,A_tight,At24_session,15,1,0,0,0,0
At24,A_tight,At24_session,16,0,0,0,0,0
At24,A_tight,At24_session,17,1,0,0,0,0
At24,A_tight,At24_session,18,1,0,0,0,0
At24,A_tight,At24_session,19,0,1,0,0,0
At25,A_tight,At25_session,0,1,0,0,1,0
At25,A_tight,At25_session,1,0,0,0,1,0
At25,A_tight,At25_session,2,0,0,1,0,0
At25,A_tight,At25_session,3,0,0,0,0,1
At25,A_tight,At25_session,4,1,0,0,0,1
At25,A_tight,At25_session,5,1,0,0,0,1
At25,A_tight,At25_session,6,0,0,0,1,0
At25,A_tight,At25_session,7,0,0,1,1,0
At25,A_tight,At25_session,8,1,0,0,0,0
At25,A_tight,At25_session,9,1,0,0,0,0
At25,A_tight,At25_session,10,0,0,0,1,0
At25,A_tight,At25_session,11,1,0,0,0,0
At25,A_tight,At25_session,12,0,0,0,1,0
At25,A_tight,At25_session,13,0,0,0,0,0
At25,A_tight,At25_session,14,0,0,0,1,0
At25,A_tight,At25_session,15,0,0,0,1,1
At25,A_tight,At25_session,16,1,0,0,0,1
At25,A_tight,At25_session,17,0,1,0,0,0
At25,A_tight,At25_session,18,1,0,0,0,0
At25,A_tight,At25_session,19,0,0,0,0,0
At26,A_tight,At26_session,0,0,0,1,1,0
At26,A_tight,At26_session,1,0,0,0,0,0
At26,A_tight,At26_session,2,1,0,0,0,1
At26,A_tight,At26_session,3,1,0,0,0,0
At26,A_tight,At26_session,4,1,0,0,1,0
At26,A_tight,At26_session,5,1,0,0,1,0
At26,A_tight,At26_session,6,1,0,0,0,0
At26,A_tight,At26_session,7,1,0,0,0,0
At26,A_tight,At26_session,8,0,0,0,1,0
At26,A_tight,At26_session,9,1,0,1,1,0
At26,A_tight,At26_session,10,1,0,1,1,0
At26,A_tight,At26_session,11,1,0,0,0,0
At26,A_tight,At26_session,12,0,0,1,0,0
At26,A_tight,At26_session,13,1,0,0,0,0
At26,A_tight,At26_session,14,1,0,1,1,0
At26,A_tight,At26_session,15,0,0,0,1,0
At26,A_tight,At26_session,16,0,0,0,1,1
At26,A_tight,At26_session,17,1,0,0,0,1
At26,A_tight,At26_session,18,0,0,0,0,0
At26,A_tight,At26_session,19,1,0,0,1,0
At27,A_tight,At27_session,0,0,0,0,0,1
At27,A_tight,At27_session,1,1,0,0,1,0
At27,A_tight,At27_session,2,0,0,1,0,0
At27,A_tight,At27_session,3,1,0,0,1,0
At27,A_tight,At27_session,4,1,0,0,0,1
At27,A_tight,At27_session,5,1,1,0,0,0
At27,A_tight,At27_session,6,0,0,0,0,0
At27,A_tight,At27_session,7,1,0,0,0,0
At27,A_tight,At27_session,8,1,1,1,0,0
At27,A_tight,At27_session,9,1,0,0,0,0
At27,A_tight,At27_session,10,1,0,0,0,0
At27,A_tight,At27_session,11,0,0,0,1,0
At27,A_tight,At27_session,12,0,0,0,0,0
At27,A_tight,At27_session,13,0,0,0,0,0
At27,A_tight,At27_session,14,0,0,1,0,0
At27,A_tight,At27_session,15,1,0,0,1,0
At27,A_tight,At27_session,16,0,0,1,1,0
At27,A_tight,At27_session,17,0,0,0,1,0
At27,A_tight,At27_session,18,0,0,1,0,1
At27,A_tight,At27_session,19,1,0,1,1,0
At28,A_tight,At28_session,0,1,0,0,0,0
At28,A_tight,At28_session,1,1,0,0,0,0
At28,A_tight,At28_session,2,0,0,0,0,0
At28,A_tight,At28_session,3,1,0,1,1,0
At28,A_tight,At28_session,4,0,0,0,0,0
At28,A_tight,At28_session,5,0,0,0,1,0
At28,A_tight,At28_session,6,0,0,0,0,0
At28,A_tight,At28_session,7,1,0,0,0,0
At28,A_tight,At28_session,8,1,0,0,1,1
At28,A_tight,At28_session,9,0,0,0,0,0
At28,A_tight,At28_session,10,1,0,0,0,0
At28,A_tight,At28_session,11,0,0,0,0,1
At28,A_tight,At28_session,12,1,0,1,0,0
At28,A_tight,At28_session,13,1,0,0,1,0
At28,A_tight,At28_session,14,1,1,0,0,0
At28,A_tight,At28_session,15,0,0,0,0,0
At28,A_tight,At28_session,16,1,0,0,1,0
At28,A_tight,At28_session,17,0,0,0,0,0
At28,A_tight,At28_session,18,0,0,1,0,0
At28,A_tight,At28_session,19,1,0,0,0,1
At29,A_tight,At29_session,0,1,0,0,1,0
At29,A_tight,At29_session,1,0,0,0,0,0
At29,A_tight,At29_session,2,0,0,0,1,0
At29,A_tight,At29_session,3,1,0,0,0,0
At29,A_tight,At29_session,4,0,0,0,0,0
At29,A_tight,At29_session,5,1,0,0,0,0
At29,A_tight,At29_session,6,1,0,1,0,0
At29,A_tight,At29_session,7,1,0,0,0,0
At29,A_tight,At29_session,8,0,1,0,0,0
At29,A_tight,At29_session,9,1,0,0,1,0
At29,A_tight,At29_session,10,0,0,0,1,0
At29,A_tight,At29_session,11,0,0,0,0,0
At29,A_tight,At29_session,12,0,0,1,0,1
At29,A_tight,At29_session,13,0,0,0,1,0
At29,A_tight,At29_session,14,1,0,0,1,0
At29,A_tight,At29_session,15,1,0,0,1,1
At29,A_tight,At29_session,16,1,0,0,0,0
At29,A_tight,At29_session,17,1,0,0,1,0
At29,A_tight,At29_session,18,1,0,0,1,0
At29,A_tight,At29_session,19,1,0,1,1,0
At30,A_tight,At30_session,0,1,0,0,1,0
At30,A_tight,At30_session,1,0,0,1,1,0
At30,A_tight,At30_session,2,1,0,0,0,0
At30,A_tight,At30_session,3,1,1,0,1,0
At30,A_tight,At30_session,4,0,0,0,1,0
At30,A_tight,At30_session,5,0,0,1,1,0
At30,A_tight,At30_session,6,0,0,0,0,0
At30,A_tight,At30_session,7,0,0,1,0,0
At30,A_tight,At30_session,8,1,0,0,0,0
At30,A_tight,At30_session,9,0,0,1,1,0
At30,A_tight,At30_session,10,1,0,0,0,0
At30,A_tight,At30_session,11,1,0,1,0,0
At30,A_tight,At30_session,12,0,0,0,1,0
At30,A_tight,At30_session,13,0,0,1,1,0
At30,A_tight,At30_session,14,1,0,1,0,0
At30,A_tight,At30_session,15,0,0,1,0,0
At30,A_tight,At30_session,16,0,0,0,0,0
At30,A_tight,At30_session,17,0,0,0,0,1
At30,A_tight,At30_session,18,1,0,0,0,0
At30,A_tight,At30_session,19,1,0,0,0,0
Al01,A_loose,Al01_session,0,0,0,1,0,0
Al01,A_loose,Al01_session,1,1,0,0,0,1
Al01,A_loose,Al01_session,2,1,0,1,0,0
Al01,A_loose,Al01_session,3,0,0,1,1,1
Al01,A_loose,Al01_session,4,1,0,0,0,0
Al01,A_loose,Al01_session,5,1,0,0,1,0
Al01,A_loose,Al01_session,6,1,0,0,0,0
Al01,A_loose,Al01_session,7,1,0,0,1,0
Al01,A_loose,Al01_session,8,1,0,0,1,0
Al01,A_loose,Al01_session,9,0,0,1,0,0
Al01,A_loose,Al01_session,10,0,0,0,0,0
Al01,A_loose,Al01_session,11,1,0,1,0,0
Al01,A_loose,Al01_session,12,1,0,1,0,0
Al01,A_loose,Al01_session,13,1,0,1,1,0
Al01,A_loose,Al01_session,14,0,0,0,1,0
Al01,A_loose,Al01_session,15,1,0,1,1,0
Al01,A_loose,Al01_session,16,1,0,0,0,0
Al01,A_loose,Al01_session,17,1,0,0,0,0
Al01,A_loose,Al01_session,18,1,0,0,0,0
Al01,A_loose,Al01_session,19,1,0,0,1,0
Al02,A_loose,Al02_session,0,1,0,0,1,0
Al02,A_loose,Al02_session,1,1,0,0,0,0
Al02,A_loose,Al02_session,2,1,1,0,0,0
Al02,A_loose,Al02_session,3,0,0,0,1,0
Al02,A_loose,Al02_session,4,0,0,0,0,0
Al02,A_loose,Al02_session,5,1,0,0,0,1
Al02,A_loose,Al02_session,6,1,0,0,0,0
Al02,A_loose,Al02_session,7,1,0,1,0,0
Al02,A_loose,Al02_session,8,0,0,0,1,1
Al02,A_loose,Al02_session,9,1,0,1,0,0
Al02,A_loose,Al02_session,10,0,0,0,1,1
Al02,A_loose,Al02_session,11,0,0,1,0,0
Al02,A_loose,Al02_session,12,0,1,0,0,0
Al02,A_loose,Al02_session,13,0,0,0,1,0
Al02,A_loose,Al02_session,14,0,0,0,1,0
Al02,A_loose,Al02_session,15,0,0,0,0,0
Al02,A_loose,Al02_session,16,0,0,0,1,0
Al02,A_loose,Al02_session,17,0,0,0,1,1
Al02,A_loose,Al02_session,18,1,0,0,0,1
Al02,A_loose,Al02_session,19,1,0,0,0,0
Al03,A_loose,Al03_session,0,0,0,1,1,0
Al03,A_loose,Al03_session,1,1,0,1,0,0
Al03,A_loose,Al03_session,2,0,0,1,1,0
Al03,A_loose,Al03_session,3,1,0,1,1,1
Al03,A_loose,Al03_session,4,0,0,0,1,0
Al03,A_loose,Al03_session,5,1,0,0,0,0
Al03,A_loose,Al03_session,6,0,0,0,1,0
Al03,A_loose,Al03_session,7,1,0,0,0,0
Al03,A_loose,Al03_session,8,0,0,0,1,1
Al03,A_loose,Al03_session,9,1,0,1,0,0
Al03,A_loose,Al03_session,10,1,0,0,1,1
Al03,A_loose,Al03_session,11,0,0,0,1,0
Al03,A_loose,Al03_session,12,0,0,0,0,0
Al03,A_loose,Al03_session,13,1,0,0,0,0
Al03,A_loose,Al03_session,14,1,0,0,0,0
Al03,A_loose,Al03_session,15,1,0,1,0,0
Al03,A_loose,Al03_session,16,0,0,0,0,1
Al03,A_loose,Al03_session,17,1,0,0,0,0
Al03,A_loose,Al03_session,18,1,0,0,0,0
Al03,A_loose,Al03_session,19,1,0,0,0,1
Al04,A_loose,Al04_session,0,1,0,0,0,0
Al04,A_loose,Al04_session,1,0,0,0,1,0
Al04,A_loose,Al04_session,2,1,0,0,0,0
Al04,A_loose,Al04_session,3,0,0,1,1,0
Al04,A_loose,Al04_session,4,1,0,0,0,0
Al04,A_loose,Al04_session,5,1,0,0,1,0
Al04,A_loose,Al04_session,6,1,0,0,1,0
Al04,A_loose,Al04_session,7,0,0,0,0,0
Al04,A_loose,Al04_session,8,1,0,0,0,0
Al04,A_loose,Al04_session,9,0,0,0,1,0
Al04,A_loose,Al04_session,10,1,0,0,1,0
Al04,A_loose,Al04_session,11,1,0,0,0,0
Al04,A_loose,Al04_session,12,1,0,0,1,0
Al04,A_loose,Al04_session,13,1,0,0,0,0
Al04,A_loose,Al04_session,14,1,0,1,1,0
Al04,A_loose,Al04_session,15,1,0,0,1,0
Al04,A_loose,Al04_session,16,0,0,0,1,0
Al04,A_loose,Al04_session,17,0,0,0,1,0
Al04,A_loose,Al04_session,18,1,0,1,1,0
Al04,A_loose,Al04_session,19,0,0,0,0,0
Al05,A_loose,Al05_session,0,1,0,0,0,0
Al05,A_loose,Al05_session,1,0,0,0,0,0
Al05,A_loose,Al05_session,2,1,0,0,1,1
Al05,A_loose,Al05_session,3,0,0,0,1,0
Al05,A_loose,Al05_session,4,0,0,0,1,0
Al05,A_loose,Al05_session,5,1,0,1,1,1
Al05,A_loose,Al05_session,6,1,0,1,0,0
Al05,A_loose,Al05_session,7,0,0,0,0,0
Al05,A_loose,Al05_session,8,1,0,0,0,1
Al05,A_loose,Al05_session,9,0,0,1,0,1
Al05,A_loose,Al05_session,10,1,1,0,0,0
Al05,A_loose,Al05_session,11,0,0,0,1,1
Al05,A_loose,Al05_session,12,0,0,1,1,1
Al05,A_loose,Al05_session,13,1,0,0,1,0
Al05,A_loose,Al05_session,14,1,0,0,0,0
Al05,A_loose,Al05_session,15,0,0,0,1,1
Al05,A_loose,Al05_session,16,1,0,0,0,0
Al05,A_loose,Al05_session,17,0,0,1,1,0
Al05,A_loose,Al05_session,18,0,0,1,1,0
Al05,A_loose,Al05_session,19,1,1,0,1,0
Al06,A_loose,Al06_session,0,0,0,0,1,0
Al06,A_loose,Al06_session,1,0,0,0,1,1
Al06,A_loose,Al06_session,2,0,0,0,1,0
Al06,A_loose,Al06_session,3,1,0,0,0,0
Al06,A_loose,Al06_session,4,0,0,0,0,0
Al06,A_loose,Al06_session,5,0,0,0,1,0
Al06,A_loose,Al06_session,6,1,0,0,0,0
Al06,A_loose,Al06_session,7,1,0,1,1,0
Al06,A_loose,Al06_session,8,1,0,0,1,0
Al06,A_loose,Al06_session,9,0,0,1,1,0
Al06,A_loose,Al06_session,10,1,0,0,1,0
Al06,A_loose,Al06_session,11,0,0,0,0,0
Al06,A_loose,Al06_session,12,0,0,0,1,1
Al06,A_loose,Al06_session,13,1,0,0,1,0
Al06,A_loose,Al06_session,14,0,0,0,0,0
Al06,A_loose,Al06_session,15,1,0,0,1,0
Al06,A_loose,Al06_session,16,1,0,0,1,0
Al06,A_loose,Al06_session,17,1,0,0,1,0
Al06,A_loose,Al06_session,18,0,0,0,0,0
Al06,A_loose,Al06_session,19,0,0,0,0,0
Al07,A_loose,Al07_session,0,1,0,0,1,0
Al07,A_loose,Al07_session,1,1,0,0,0,1
Al07,A_loose,Al07_session,2,0,0,0,1,0
Al07,A_loose,Al07_session,3,1,0,0,0,0
Al07,A_loose,Al07_session,4,0,0,0,1,1
Al07,A_loose,Al07_session,5,0,0,0,0,0
Al07,A_loose,Al07_session,6,0,0,0,0,0
Al07,A_loose,Al07_session,7,1,0,0,1,1
Al07,A_loose,Al07_session,8,1,0,0,0,0
Al07,A_loose,Al07_session,9,1,0,0,1,0
Al07,A_loose,Al07_session,10,1,0,0,0,0
Al07,A_loose,Al07_session,11,0,0,0,1,1
Al07,A_loose,Al07_session,12,0,0,0,0,1
Al07,A_loose,Al07_session,13,1,0,0,0,0
Al07,A_loose,Al07_session,14,1,0,0,1,0
Al07,A_loose,Al07_session,15,0,0,0,1,1
Al07,A_loose,Al07_session,16,1,0,0,0,1
Al07,A_loose,Al07_session,17,1,0,0,0,1
Al07,A_loose,Al07_session,18,1,0,0,0,0
Al07,A_loose,Al07_session,19,0,0,0,1,0
Al08,A_loose,Al08_session,0,0,0,0,1,0
Al08,A_loose,Al08_session,1,0,1,0,0,0
Al08,A_loose,Al08_session,2,1,0,0,1,0
Al08,A_loose,Al08_session,3,1,0,0,0,0
Al08,A_loose,Al08_session,4,1,0,1,0,0
Al08,A_loose,Al08_session,5,1,0,0,0,0
Al08,A_loose,Al08_session,6,0,0,0,1,0
Al08,A_loose,Al08_session,7,1,0,0,0,0
Al08,A_loose,Al08_session,8,0,1,0,1,0
Al08,A_loose,Al08_session,9,1,0,1,1,0
Al08,A_loose,Al08_session,10,0,0,1,1,0
Al08,A_loose,Al08_session,11,1,0,0,1,0
Al08,A_loose,Al08_session,12,1,0,0,1,0
Al08,A_loose,Al08_session,13,0,0,0,1,1
Al08,A_loose,Al08_session,14,1,0,1,0,1
Al08,A_loose,Al08_session,15,0,0,1,0,0
Al08,A_loose,Al08_session,16,0,0,0,0,0
Al08,A_loose,Al08_session,17,0,0,0,1,0
Al08,A_loose,Al08_session,18,0,0,1,1,0
Al08,A_loose,Al08_session,19,0,1,0,1,0
Al09,A_loose,Al09_session,0,0,0,0,0,0
Al09,A_loose,Al09_session,1,0,0,0,1,0
Al09,A_loose,Al09_session,2,1,0,0,0,1
Al09,A_loose,Al09_session,3,1,0,0,1,0
Al09,A_loose,Al09_session,4,1,0,0,0,0
Al09,A_loose,Al09_session,5,0,0,0,0,0
Al09,A_loose,Al09_session,6,0,0,1,0,0
Al09,A_loose,Al09_session,7,0,0,1,0,0
Al09,A_loose,Al09_session,8,0,0,0,0,0
Al09,A_loose,Al09_session,9,0,0,0,0,0
Al09,A_loose,Al09_session,10,0,0,0,0,0
Al09,A_loose,Al09_session,11,0,0,0,0,0
Al09,A_loose,Al09_session,12,1,0,1,0,0
Al09,A_loose,Al09_session,13,1,0,0,0,0
Al09,A_loose,Al09_session,14,1,0,0,0,0
Al09,A_loose,Al09_session,15,1,0,0,0,0
Al09,A_loose,Al09_session,16,0,0,1,0,0
Al09,A_loose,Al09_session,17,0,0,0,0,0
Al09,A_loose,Al09_session,18,1,0,0,0,1
Al09,A_loose,Al09_session,19,0,0,0,0,0
Al10,A_loose,Al10_session,0,0,0,0,1,0
Al10,A_loose,Al10_session,1,0,0,0,0,0
Al10,A_loose,Al10_session,2,0,0,0,1,0
Al10,A_loose,Al10_session,3,1,0,0,1,0
Al10,A_loose,Al10_session,4,1,0,0,0,0
Al10,A_loose,Al10_session,5,0,0,0,1,1
Al10,A_loose,Al10_session,6,1,0,0,0,0
Al10,A_loose,Al10_session,7,1,0,0,0,0
Al10,A_loose,Al10_session,8,1,0,0,0,0
Al10,A_loose,Al10_session,9,0,0,0,0,0
Al10,A_loose,Al10_session,10,1,1,0,0,0
Al10,A_loose,Al10_session,11,1,0,0,0,0
Al10,A_loose,Al10_session,12,0,0,0,0,0
Al10,A_loose,Al10_session,13,1,0,0,0,0
Al10,A_loose,Al10_session,14,1,0,0,0,0
Al10,A_loose,Al10_session,15,0,0,0,0,0
Al10,A_loose,Al10_session,16,1,0,0,0,0
Al10,A_loose,Al10_session,17,0,0,0,0,0
Al10,A_loose,Al10_session,18,0,0,0,0,0
Al10,A_loose,Al10_session,19,1,0,0,0,0
Al11,A_loose,Al11_session,0,1,0,0,1,0
Al11,A_loose,Al11_session,1,1,0,0,1,0
Al11,A_loose,Al11_session,2,0,0,0,0,0
Al11,A_loose,Al11_session,3,1,0,0,0,0
Al11,A_loose,Al11_session,4,0,0,0,1,0
Al11,A_loose,Al11_session,5,0,0,0,0,0
Al11,A_loose,Al11_session,6,1,0,0,0,0
Al11,A_loose,Al11_session,7,0,0,0,1,0
Al11,A_loose,Al11_session,8,0,0,0,1,0
Al11,A_loose,Al11_session,9,1,0,0,1,0
Al11,A_loose,Al11_session,10,0,0,0,1,0
Al11,A_loose,Al11_session,11,1,0,0,1,0
Al11,A_loose,Al11_session,12,1,0,0,0,0
Al11,A_loose,Al11_session,13,0,0,0,1,0
Al11,A_loose,Al11_session,14,1,0,0,1,0
Al11,A_loose,Al11_session,15,1,0,0,1,0
Al11,A_loose,Al11_session,16,1,0,0,1,0
Al11,A_loose,Al11_session,17,1,0,0,0,0
Al11,A_loose,Al11_session,18,1,0,0,1,0
Al11,A_loose,Al11_session,19,1,0,0,0,0
Al12,A_loose,Al12_session,0,1,0,1,0,0
Al12,A_loose,Al12_session,1,1,0,1,1,0
Al12,A_loose,Al12_session,2,0,0,0,1,0
Al12,A_loose,Al12_session,3,0,1,0,1,0
Al12,A_loose,Al12_session,4,1,0,0,0,0
Al12,A_loose,Al12_session,5,1,0,0,1,0
Al12,A_loose,Al12_session,6,0,0,0,0,0
Al12,A_loose,Al12_session,7,0,0,0,0,0
Al12,A_loose,Al12_session,8,0,0,0,0,0
Al12,A_loose,Al12_session,9,0,0,0,0,1
Al12,A_loose,Al12_session,10,1,0,0,1,0
Al12,A_loose,Al12_session,11,0,0,0,1,1
Al12,A_loose,Al12_session,12,1,0,1,1,0
Al12,A_loose,Al12_session,13,0,0,0,1,0
Al12,A_loose,Al12_session,14,1,0,0,0,0
Al12,A_loose,Al12_session,15,0,0,1,1,1
Al12,A_loose,Al12_session,16,1,0,0,1,0
Al12,A_loose,Al12_session,17,0,0,1,1,1
Al12,A_loose,Al12_session,18,1,0,1,1,0
Al12,A_loose,Al12_session,19,0,0,1,1,0
Al13,A_loose,Al13_session,0,0,0,1,1,0
Al13,A_loose,Al13_session,1,1,0,0,0,0
Al13,A_loose,Al13_session,2,0,0,1,1,0
Al13,A_loose,Al13_session,3,0,0,0,0,0
Al13,A_loose,Al13_session,4,1,0,0,0,0
Al13,A_loose,Al13_session,5,0,0,1,1,0
Al13,A_loose,Al13_session,6,0,0,0,1,0
Al13,A_loose,Al13_session,7,0,0,0,0,0
Al13,A_loose,Al13_session,8,1,0,1,1,0
Al13,A_loose,Al13_session,9,0,0,0,1,0
Al13,A_loose,Al13_session,10,0,0,1,0,0
Al13,A_loose,Al13_session,11,0,0,1,1,0
Al13,A_loose,Al13_session,12,0,0,0,0,0
Al13,A_loose,Al13_session,13,1,0,0,0,0
Al13,A_loose,Al13_session,14,0,0,0,0,0
Al13,A_loose,Al13_session,15,1,0,0,0,0
Al13,A_loose,Al13_session,16,0,0,1,1,0
Al13,A_loose,Al13_session,17,0,0,0,1,0
Al13,A_loose,Al13_session,18,1,0,1,0,0
Al13,A_loose,Al13_session,19,1,0,1,0,0
Al14,A_loose,Al14_session,0,0,0,0,0,0
Al14,A_loose,Al14_session,1,1,0,0,0,0
Al14,A_loose,Al14_session,2,1,0,1,0,0
Al14,A_loose,Al14_session,3,0,0,0,1,0
Al14,A_loose,Al14_session,4,1,0,1,0,0
Al14,A_loose,Al14_session,5,0,1,0,0,0
Al14,A_loose,Al14_session,6,0,1,1,0,0
Al14,A_loose,Al14_session,7,0,0,0,0,0
Al14,A_loose,Al14_session,8,0,0,0,1,0
Al14,A_loose,Al14_session,9,0,0,1,1,0
Al14,A_loose,Al14_session,10,0,0,1,0,0
Al14,A_loose,Al14_session,11,1,0,1,0,0
Al14,A_loose,Al14_session,12,0,0,0,0,0
Al14,A_loose,Al14_session,13,0,0,1,0,0
Al14,A_loose,Al14_session,14,0,0,0,0,0
Al14,A_loose,Al14_session,15,0,0,1,0,0
Al14,A_loose,Al14_session,16,1,0,0,0,0
Al14,A_loose,Al14_session,17,0,0,1,0,0
Al14,A_loose,Al14_session,18,1,0,0,1,0
Al14,A_loose,Al14_session,19,1,0,0,0,0
Al15,A_loose,Al15_session,0,0,0,0,0,0
Al15,A_loose,Al15_session,1,1,0,0,0,1
Al15,A_loose,Al15_session,2,0,0,0,0,0
Al15,A_loose,Al15_session,3,0,0,0,1,0
Al15,A_loose,Al15_session,4,0,0,0,0,1
Al15,A_loose,Al15_session,5,1,0,0,0,0
Al15,A_loose,Al15_session,6,1,0,0,1,0
Al15,A_loose,Al15_session,7,1,0,0,0,0
Al15,A_loose,Al15_session,8,0,1,0,0,0
Al15,A_loose,Al15_session,9,1,0,0,1,0
Al15,A_loose,Al15_session,10,0,1,0,0,0
Al15,A_loose,Al15_session,11,1,0,0,1,0
Al15,A_loose,Al15_session,12,1,1,1,0,0
Al15,A_loose,Al15_session,13,1,0,0,0,0
Al15,A_loose,Al15_session,14,0,0,0,1,0
Al15,A_loose,Al15_session,15,1,1,0,0,0
Al15,A_loose,Al15_session,16,1,0,0,0,0
Al15,A_loose,Al15_session,17,1,0,0,0,0
Al15,A_loose,Al15_session,18,1,0,0,1,0
Al15,A_loose,Al15_session,19,1,1,0,1,1
Al16,A_loose,Al16_session,0,1,1,0,0,0
Al16,A_loose,Al16_session,1,1,0,0,1,0
Al16,A_loose,Al16_session,2,0,1,1,0,0
Al16,A_loose,Al16_session,3,1,1,1,1,0
Al16,A_loose,Al16_session,4,0,0,0,0,0
Al16,A_loose,Al16_session,5,0,1,0,1,0
Al16,A_loose,Al16_session,6,0,0,0,1,0
Al16,A_loose,Al16_session,7,0,0,1,0,0
Al16,A_loose,Al16_session,8,1,0,1,0,0
Al16,A_loose,Al16_session,9,0,1,1,1,0
Al16,A_loose,Al16_session,10,1,1,0,1,0
Al16,A_loose,Al16_session,11,0,0,0,1,0
Al16,A_loose,Al16_session,12,1,0,1,1,0
Al16,A_loose,Al16_session,13,0,1,0,1,0
Al16,A_loose,Al16_session,14,1,1,0,1,0
Al16,A_loose,Al16_session,15,0,1,0,1,0
Al16,A_loose,Al16_session,16,1,0,1,0,0
Al16,A_loose,Al16_session,17,0,0,0,0,0
Al16,A_loose,Al16_session,18,1,0,0,1,0
Al16,A_loose,Al16_session,19,1,0,1,1,0
Al17,A_loose,Al17_session,0,1,0,0,1,0
Al17,A_loose,Al17_session,1,0,0,0,1,0
Al17,A_loose,Al17_session,2,1,0,1,0,1
Al17,A_loose,Al17_session,3,0,0,0,0,0
Al17,A_loose,Al17_session,4,1,0,0,0,0
Al17,A_loose,Al17_session,5,0,0,1,0,0
Al17,A_loose,Al17_session,6,0,0,1,0,0
Al17,A_loose,Al17_session,7,1,1,1,1,0
Al17,A_loose,Al17_session,8,0,0,0,0,0
Al17,A_loose,Al17_session,9,1,0,0,1,1
Al17,A_loose,Al17_session,10,0,0,0,1,0
Al17,A_loose,Al17_session,11,1,1,0,1,0
Al17,A_loose,Al17_session,12,1,0,0,1,0
Al17,A_loose,Al17_session,13,1,0,1,0,0
Al17,A_loose,Al17_session,14,1,0,1,0,0
Al17,A_loose,Al17_session,15,0,0,0,1,0
Al17,A_loose,Al17_session,16,0,0,0,0,0
Al17,A_loose,Al17_session,17,0,0,0,0,1
Al17,A_loose,Al17_session,18,1,0,1,0,0
Al17,A_loose,Al17_session,19,1,0,0,0,0
Al18,A_loose,Al18_session,0,1,0,0,1,0
Al18,A_loose,Al18_session,1,0,0,0,0,0
Al18,A_loose,Al18_session,2,1,1,0,0,0
Al18,A_loose,Al18_session,3,0,0,0,1,0
Al18,A_loose,Al18_session,4,0,1,0,0,0
Al18,A_loose,Al18_session,5,1,0,0,0,0
Al18,A_loose,Al18_session,6,0,0,0,0,0
Al18,A_loose,Al18_session,7,0,1,1,1,1
Al18,A_loose,Al18_session,8,0,0,0,0,0
Al18,A_loose,Al18_session,9,1,0,0,0,0
Al18,A_loose,Al18_session,10,0,0,0,0,1
Al18,A_loose,Al18_session,11,0,1,0,0,0
Al18,A_loose,Al18_session,12,1,0,0,1,0
Al18,A_loose,Al18_session,13,1,0,0,1,0
Al18,A_loose,Al18_session,14,1,0,0,0,1
Al18,A_loose,Al18_session,15,1,1,0,0,0
Al18,A_loose,Al18_session,16,0,0,0,0,0
Al18,A_loose,Al18_session,17,0,0,1,0,1
Al18,A_loose,Al18_session,18,1,0,0,0,1
Al18,A_loose,Al18_session,19,1,0,0,0,0
Al19,A_loose,Al19_session,0,1,0,0,1,0
Al19,A_loose,Al19_session,1,1,0,0,1,0
Al19,A_loose,Al19_session,2,0,0,0,0,0
Al19,A_loose,Al19_session,3,0,0,0,1,0
Al19,A_loose,Al19_session,4,1,0,0,0,1
Al19,A_loose,Al19_session,5,1,0,0,1,0
Al19,A_loose,Al19_session,6,1,0,0,0,0
Al19,A_loose,Al19_session,7,1,0,0,1,0
Al19,A_loose,Al19_session,8,1,0,1,0,1
Al19,A_loose,Al19_session,9,1,1,0,1,1
Al19,A_loose,Al19_session,10,1,0,0,1,1
Al19,A_loose,Al19_session,11,1,0,0,1,0
Al19,A_loose,Al19_session,12,1,0,0,0,0
Al19,A_loose,Al19_session,13,0,0,0,0,0
Al19,A_loose,Al19_session,14,0,0,0,0,0
Al19,A_loose,Al19_session,15,1,0,1,0,0
Al19,A_loose,Al19_session,16,0,0,0,1,0
Al19,A_loose,Al19_session,17,1,0,0,1,0
Al19,A_loose,Al19_session,18,1,0,0,0,0
Al19,A_loose,Al19_session,19,1,0,0,0,0
Al20,A_loose,Al20_session,0,1,0,0,0,0
Al20,A_loose,Al20_session,1,1,0,0,0,0
Al20,A_loose,Al20_session,2,1,1,1,0,0
Al20,A_loose,Al20_session,3,0,0,1,1,0
Al20,A_loose,Al20_session,4,1,0,1,1,0
Al20,A_loose,Al20_session,5,0,0,1,0,0
Al20,A_loose,Al20_session,6,1,0,1,0,0
Al20,A_loose,Al20_session,7,0,0,0,0,0
Al20,A_loose,Al20_session,8,1,0,0,0,0
Al20,A_loose,Al20_session,9,0,0,1,1,0
Al20,A_loose,Al20_session,10,1,0,0,0,0
Al20,A_loose,Al20_session,11,1,0,0,0,0
Al20,A_loose,Al20_session,12,0,0,1,0,0
Al20,A_loose,Al20_session,13,1,0,0,1,0
Al20,A_loose,Al20_session,14,1,0,1,1,0
Al20,A_loose,Al20_session,15,1,0,0,1,0
Al20,A_loose,Al20_session,16,0,0,0,1,0
Al20,A_loose,Al20_session,17,1,0,0,1,0
Al20,A_loose,Al20_session,18,0,0,0,0,0
Al20,A_loose,Al20_session,19,1,0,0,0,0
Al21,A_loose,Al21_session,0,0,1,0,0,0
Al21,A_loose,Al21_session,1,1,0,0,1,0
Al21,A_loose,Al21_session,2,0,0,0,0,0
Al21,A_loose,Al21_session,3,1,1,0,0,0
Al21,A_loose,Al21_session,4,1,1,0,0,0
Al21,A_loose,Al21_session,5,0,0,1,0,0
Al21,A_loose,Al21_session,6,0,0,1,1,0
Al21,A_loose,Al21_session,7,1,1,1,1,0
Al21,A_loose,Al21_session,8,1,0,0,0,1
Al21,A_loose,Al21_session,9,0,1,0,0,0
Al21,A_loose,Al21_session,10,0,0,0,0,0
Al21,A_loose,Al21_session,11,1,0,0,0,0
Al21,A_loose,Al21_session,12,1,0,0,1,0
Al21,A_loose,Al21_session,13,1,0,0,0,1
Al21,A_loose,Al21_session,14,0,1,1,0,0
Al21,A_loose,Al21_session,15,1,0,1,0,0
Al21,A_loose,Al21_session,16,0,0,0,0,1
Al21,A_loose,Al21_session,17,0,0,1,1,0
Al21,A_loose,Al21_session,18,0,1,1,0,0
Al21,A_loose,Al21_session,19,0,0,0,0,0
Al22,A_loose,Al22_session,0,0,0,0,0,0
Al22,A_loose,Al22_session,1,0,0,1,0,0
Al22,A_loose,Al22_session,2,1,0,0,0,0
Al22,A_loose,Al22_session,3,0,0,1,0,0
Al22,A_loose,Al22_session,4,1,0,1,1,0
Al22,A_loose,Al22_session,5,0,0,0,0,0
Al22,A_loose,Al22_session,6,1,0,0,0,0
Al22,A_loose,Al22_session,7,1,0,0,1,0
Al22,A_loose,Al22_session,8,1,0,0,1,0
Al22,A_loose,Al22_session,9,0,0,0,1,0
Al22,A_loose,Al22_session,10,0,0,0,1,1
Al22,A_loose,Al22_session,11,1,0,1,1,0
Al22,A_loose,Al22_session,12,1,0,0,1,0
Al22,A_loose,Al22_session,13,0,0,1,0,0
Al22,A_loose,Al22_session,14,0,0,0,1,0
Al22,A_loose,Al22_session,15,0,0,0,1,0
Al22,A_loose,Al22_session,16,1,0,1,0,1
Al22,A_loose,Al22_session,17,1,0,0,0,0
Al22,A_loose,Al22_session,18,1,0,1,1,0
Al22,A_loose,Al22_session,19,1,0,1,0,0
Al23,A_loose,Al23_session,0,1,0,0,0,0
Al23,A_loose,Al23_session,1,0,0,0,0,1
Al23,A_loose,Al23_session,2,1,0,0,0,0
Al23,A_loose,Al23_session,3,0,0,0,0,0
Al23,A_loose,Al23_session,4,0,0,0,0,0
Al23,A_loose,Al23_session,5,1,0,0,1,0
Al23,A_loose,Al23_session,6,1,0,0,0,0
Al23,A_loose,Al23_session,7,1,0,0,0,0
Al23,A_loose,Al23_session,8,1,0,0,1,0
Al23,A_loose,Al23_session,9,1,0,0,0,0
Al23,A_loose,Al23_session,10,0,0,0,1,0
Al23,A_loose,Al23_session,11,0,0,0,0,0
Al23,A_loose,Al23_session,12,1,0,0,0,0
Al23,A_loose,Al23_session,13,1,0,0,0,0
Al23,A_loose,Al23_session,14,1,0,0,0,0
Al23,A_loose,Al23_session,15,1,0,0,0,0
Al23,A_loose,Al23_session,16,1,0,0,1,0
Al23,A_loose,Al23_session,17,1,0,0,0,0
Al23,A_loose,Al23_session,18,0,0,0,1,0
Al23,A_loose,Al23_session,19,1,0,0,1,0
Al24,A_loose,Al24_session,0,0,1,0,0,0
Al24,A_loose,Al24_session,1,1,0,0,0,0
Al24,A_loose,Al24_session,2,1,0,0,0,0
Al24,A_loose,Al24_session,3,1,0,0,0,0
Al24,A_loose,Al24_session,4,0,0,1,0,0
Al24,A_loose,Al24_session,5,0,0,0,0,0
Al24,A_loose,Al24_session,6,1,0,1,0,1
Al24,A_loose,Al24_session,7,0,0,0,1,0
Al24,A_loose,Al24_session,8,1,0,0,1,0
Al24,A_loose,Al24_session,9,0,0,1,0,1
Al24,A_loose,Al24_session,10,1,0,0,0,1
Al24,A_loose,Al24_session,11,0,0,0,0,1
Al24,A_loose,Al24_session,12,0,0,1,1,1
Al24,A_loose,Al24_session,13,1,0,0,1,1
Al24,A_loose,Al24_session,14,0,0,0,1,0
Al24,A_loose,Al24_session,15,1,1,0,0,0
Al24,A_loose,Al24_session,16,0,0,1,1,1
Al24,A_loose,Al24_session,17,1,0,0,0,0
Al24,A_loose,Al24_session,18,1,1,0,0,0
Al24,A_loose,Al24_session,19,0,0,0,1,0
Al25,A_loose,Al25_session,0,1,0,1,0,1
Al25,A_loose,Al25_session,1,1,0,0,1,1
Al25,A_loose,Al25_session,2,0,0,0,1,0
Al25,A_loose,Al25_session,3,1,0,0,0,0
Al25,A_loose,Al25_session,4,1,0,0,0,0
Al25,A_loose,Al25_session,5,1,0,0,1,0
Al25,A_loose,Al25_session,6,1,0,1,0,0
Al25,A_loose,Al25_session,7,1,0,0,0,0
Al25,A_loose,Al25_session,8,1,0,0,1,1
Al25,A_loose,Al25_session,9,1,0,0,1,1
Al25,A_loose,Al25_session,10,0,0,1,1,0
Al25,A_loose,Al25_session,11,0,0,0,0,0
Al25,A_loose,Al25_session,12,0,0,0,1,0
Al25,A_loose,Al25_session,13,0,0,0,0,1
Al25,A_loose,Al25_session,14,0,0,0,0,0
Al25,A_loose,Al25_session,15,1,0,1,0,0
Al25,A_loose,Al25_session,16,1,0,0,0,0
Al25,A_loose,Al25_session,17,0,0,0,1,0
Al25,A_loose,Al25_session,18,0,0,1,1,0
Al25,A_loose,Al25_session,19,1,0,0,0,1
Al26,A_loose,Al26_session,0,0,0,0,1,0
Al26,A_loose,Al26_session,1,0,0,0,0,0
Al26,A_loose,Al26_session,2,1,0,0,0,0
Al26,A_loose,Al26_session,3,0,0,0,0,0
Al26,A_loose,Al26_session,4,1,1,0,0,0
Al26,A_loose,Al26_session,5,1,0,0,0,0
Al26,A_loose,Al26_session,6,1,0,0,1,0
Al26,A_loose,Al26_session,7,1,0,0,0,0
Al26,A_loose,Al26_session,8,0,0,0,0,0
Al26,A_loose,Al26_session,9,1,0,0,1,0
Al26,A_loose,Al26_session,10,0,0,0,1,0
Al26,A_loose,Al26_session,11,0,0,0,0,0
Al26,A_loose,Al26_session,12,1,0,0,1,0
Al26,A_loose,Al26_session,13,1,0,0,1,0
Al26,A_loose,Al26_session,14,1,0,0,0,0
Al26,A_loose,Al26_session,15,0,0,1,1,0
Al26,A_loose,Al26_session,16,0,0,1,1,0
Al26,A_loose,Al26_session,17,1,0,0,0,0
Al26,A_loose,Al26_session,18,1,0,0,0,0
Al26,A_loose,Al26_session,19,1,0,0,1,0
Al27,A_loose,Al27_session,0,0,0,0,0,0
Al27,A_loose,Al27_session,1,0,0,0,1,0
Al27,A_loose,Al27_session,2,1,0,0,0,0
Al27,A_loose,Al27_session,3,0,0,1,1,0
Al27,A_loose,Al27_session,4,0,0,0,1,0
Al27,A_loose,Al27_session,5,0,0,0,1,0
Al27,A_loose,Al27_session,6,1,0,0,1,0
Al27,A_loose,Al27_session,7,1,0,0,0,0
Al27,A_loose,Al27_session,8,0,0,0,0,0
Al27,A_loose,Al27_session,9,1,0,0,0,0
Al27,A_loose,Al27_session,10,0,0,0,1,0
Al27,A_loose,Al27_session,11,0,0,1,0,0
Al27,A_loose,Al27_session,12,1,0,1,0,0
Al27,A_loose,Al27_session,13,1,0,0,0,1
Al27,A_loose,Al27_session,14,0,0,0,0,0
Al27,A_loose,Al27_session,15,0,0,0,0,0
Al27,A_loose,Al27_session,16,0,0,1,0,0
Al27,A_loose,Al27_session,17,0,0,0,0,0
Al27,A_loose,Al27_session,18,0,1,0,1,0
Al27,A_loose,Al27_session,19,0,1,0,1,0
Al28,A_loose,Al28_session,0,1,0,0,0,1
Al28,A_loose,Al28_session,1,0,0,0,0,1
Al28,A_loose,Al28_session,2,0,0,0,0,1
Al28,A_loose,Al28_session,3,0,0,1,0,0
Al28,A_loose,Al28_session,4,0,0,0,0,0
Al28,A_loose,Al28_session,5,0,0,0,0,1
Al28,A_loose,Al28_session,6,0,0,0,1,1
Al28,A_loose,Al28_session,7,1,0,1,0,1
Al28,A_loose,Al28_session,8,0,0,0,1,0
Al28,A_loose,Al28_session,9,1,0,0,1,0
Al28,A_loose,Al28_session,10,0,0,0,1,0
Al28,A_loose,Al28_session,11,0,0,0,0,0
Al28,A_loose,Al28_session,12,0,0,0,1,0
Al28,A_loose,Al28_session,13,0,0,0,0,0
Al28,A_loose,Al28_session,14,0,0,0,0,0
Al28,A_loose,Al28_session,15,0,0,1,1,0
Al28,A_loose,Al28_session,16,0,0,1,1,0
Al28,A_loose,Al28_session,17,1,0,0,0,0
Al28,A_loose,Al28_session,18,0,0,0,1,0
Al28,A_loose,Al28_session,19,0,0,1,0,1
Al29,A_loose,Al29_session,0,0,1,0,1,0
Al29,A_loose,Al29_session,1,1,0,0,0,0
Al29,A_loose,Al29_session,2,1,0,1,1,0
Al29,A_loose,Al29_session,3,0,0,0,0,0
Al29,A_loose,Al29_session,4,0,0,0,1,0
Al29,A_loose,Al29_session,5,1,1,1,0,0
Al29,A_loose,Al29_session,6,0,0,0,1,0
Al29,A_loose,Al29_session,7,1,0,0,1,0
Al29,A_loose,Al29_session,8,1,0,0,0,0
Al29,A_loose,Al29_session,9,1,0,1,0,0
Al29,A_loose,Al29_session,10,1,0,0,0,0
Al29,A_loose,Al29_session,11,0,0,1,1,0
Al29,A_loose,Al29_session,12,1,0,0,1,0
Al29,A_loose,Al29_session,13,1,0,0,1,0
Al29,A_loose,Al29_session,14,0,0,0,1,0
Al29,A_loose,Al29_session,15,1,0,1,0,0
Al29,A_loose,Al29_session,16,0,0,0,1,0
Al29,A_loose,Al29_session,17,0,0,1,0,0
Al29,A_loose,Al29_session,18,0,0,0,1,0
Al29,A_loose,Al29_session,19,0,0,0,0,0
Al30,A_loose,Al30_session,0,0,0,0,0,0
Al30,A_loose,Al30_session,1,0,0,0,0,0
Al30,A_loose,Al30_session,2,0,0,0,0,0
Al30,A_loose,Al30_session,3,0,0,0,0,0
Al30,A_loose,Al30_session,4,0,0,1,0,0
Al30,A_loose,Al30_session,5,0,0,0,0,0
Al30,A_loose,Al30_session,6,0,0,0,1,0
Al30,A_loose,Al30_session,7,0,0,0,0,0
Al30,A_loose,Al30_session,8,0,0,0,0,0
Al30,A_loose,Al30_session,9,0,0,0,0,0
Al30,A_loose,Al30_session,10,0,0,0,1,0
Al30,A_loose,Al30_session,11,0,0,0,0,0
Al30,A_loose,Al30_session,12,1,0,1,0,0
Al30,A_loose,Al30_session,13,0,0,1,0,0
Al30,A_loose,Al30_session,14,1,0,1,0,0
Al30,A_loose,Al30_session,15,0,0,0,0,0
Al30,A_loose,Al30_session,16,0,0,0,0,0
Al30,A_loose,Al30_session,17,0,0,0,0,0
Al30,A_loose,Al30_session,18,1,0,0,0,0
Al30,A_loose,Al30_session,19,0,0,1,0,0
Bt01,B_tight,Bt01_session,0,0,1,0,0,0
Bt01,B_tight,Bt01_session,1,0,0,0,0,1
Bt01,B_tight,Bt01_session,2,0,0,0,0,1
Bt01,B_tight,Bt01_session,3,0,0,0,0,1
Bt01,B_tight,Bt01_session,4,0,0,0,0,1
Bt01,B_tight,Bt01_session,5,1,0,0,0,1
Bt01,B_tight,Bt01_session,6,0,1,1,0,1
Bt01,B_tight,Bt01_session,7,0,0,0,0,0
Bt01,B_tight,Bt01_session,8,0,1,0,0,0
Bt01,B_tight,Bt01_session,9,1,0,1,0,0
Bt01,B_tight,Bt01_session,10,0,0,0,0,0
Bt01,B_tight,Bt01_session,11,1,1,0,0,0
Bt01,B_tight,Bt01_session,12,0,1,1,0,0
Bt01,B_tight,Bt01_session,13,0,1,0,0,1
Bt01,B_tight,Bt01_session,14,1,0,0,0,0
Bt01,B_tight,Bt01_session,15,0,0,1,0,0
Bt01,B_tight,Bt01_session,16,0,0,0,0,0
Bt01,B_tight,Bt01_session,17,0,1,0,0,0
Bt01,B_tight,Bt01_session,18,0,0,0,0,0
Bt01,B_tight,Bt01_session,19,0,0,0,0,1
Bt02,B_tight,Bt02_session,0,1,1,0,0,1
Bt02,B_tight,Bt02_session,1,0,1,0,0,0
Bt02,B_tight,Bt02_session,2,0,1,1,0,0
Bt02,B_tight,Bt02_session,3,0,0,0,0,0
Bt02,B_tight,Bt02_session,4,0,0,0,0,0
Bt02,B_tight,Bt02_session,5,0,0,1,0,0
Bt02,B_tight,Bt02_session,6,0,1,0,1,0
Bt02,B_tight,Bt02_session,7,0,0,0,1,0
Bt02,B_tight,Bt02_session,8,0,0,0,0,0
Bt02,B_tight,Bt02_session,9,0,0,0,1,1
Bt02,B_tight,Bt02_session,10,0,0,0,0,0
Bt02,B_tight,Bt02_session,11,1,0,1,0,0
Bt02,B_tight,Bt02_session,12,0,0,0,0,0
Bt02,B_tight,Bt02_session,13,0,0,1,0,1
Bt02,B_tight,Bt02_session,14,0,1,0,1,1
Bt02,B_tight,Bt02_session,15,0,0,0,0,0
Bt02,B_tight,Bt02_session,16,0,1,0,0,0
Bt02,B_tight,Bt02_session,17,0,1,1,0,0
Bt02,B_tight,Bt02_session,18,0,1,0,1,1
Bt02,B_tight,Bt02_session,19,0,0,0,0,0
Bt03,B_tight,Bt03_session,0,0,0,0,0,1
Bt03,B_tight,Bt03_session,1,0,1,0,0,1
Bt03,B_tight,Bt03_session,2,0,1,0,0,0
Bt03,B_tight,Bt03_session,3,0,0,0,1,1
Bt03,B_tight,Bt03_session,4,0,0,0,0,0
Bt03,B_tight,Bt03_session,5,0,0,0,0,0
Bt03,B_tight,Bt03_session,6,0,0,0,0,0
Bt03,B_tight,Bt03_session,7,0,0,0,1,0
Bt03,B_tight,Bt03_session,8,0,1,1,0,0
Bt03,B_tight,Bt03_session,9,0,1,1,0,1
Bt03,B_tight,Bt03_session,10,0,0,0,0,0
Bt03,B_tight,Bt03_session,11,0,1,1,0,1
Bt03,B_tight,Bt03_session,12,0,0,0,0,0
Bt03,B_tight,Bt03_session,13,0,0,0,1,0
Bt03,B_tight,Bt03_session,14,0,1,1,0,0
Bt03,B_tight,Bt03_session,15,0,1,0,0,0
Bt03,B_tight,Bt03_session,16,0,1,0,0,0
Bt03,B_tight,Bt03_session,17,0,0,0,0,0
Bt03,B_tight,Bt03_session,18,0,1,0,0,1
Bt03,B_tight,Bt03_session,19,0,0,0,1,1
Bt04,B_tight,Bt04_session,0,0,1,0,0,0
Bt04,B_tight,Bt04_session,1,0,0,0,0,0
Bt04,B_tight,Bt04_session,2,0,1,0,0,0
Bt04,B_tight,Bt04_session,3,0,0,0,1,0
Bt04,B_tight,Bt04_session,4,0,0,0,0,1
Bt04,B_tight,Bt04_session,5,0,0,0,0,0
Bt04,B_tight,Bt04_session,6,0,0,0,0,1
Bt04,B_tight,Bt04_session,7,0,1,0,0,1
Bt04,B_tight,Bt04_session,8,0,1,0,0,0
Bt04,B_tight,Bt04_session,9,0,1,0,0,1
Bt04,B_tight,Bt04_session,10,0,0,0,1,1
Bt04,B_tight,Bt04_session,11,0,0,0,0,0
Bt04,B_tight,Bt04_session,12,0,1,0,0,0
Bt04,B_tight,Bt04_session,13,1,1,0,0,1
Bt04,B_tight,Bt04_session,14,0,1,0,0,0
Bt04,B_tight,Bt04_session,15,0,0,0,0,1
Bt04,B_tight,Bt04_session,16,0,0,0,0,0
Bt04,B_tight,Bt04_session,17,0,0,0,0,0
Bt04,B_tight,Bt04_session,18,0,1,0,0,0
Bt04,B_tight,Bt04_session,19,0,1,0,0,1
Bt05,B_tight,Bt05_session,0,0,1,1,0,0
Bt05,B_tight,Bt05_session,1,0,1,0,0,1
Bt05,B_tight,Bt05_session,2,0,0,1,0,0
Bt05,B_tight,Bt05_session,3,0,1,0,0,0
Bt05,B_tight,Bt05_session,4,0,0,1,0,0
Bt05,B_tight,Bt05_session,5,0,0,0,1,1
Bt05,B_tight,Bt05_session,6,0,0,0,0,1
Bt05,B_tight,Bt05_session,7,0,1,1,0,0
Bt05,B_tight,Bt05_session,8,0,0,0,0,1
Bt05,B_tight,Bt05_session,9,0,0,0,0,0
Bt05,B_tight,Bt05_session,10,0,0,0,0,1
Bt05,B_tight,Bt05_session,11,0,0,0,0,0
Bt05,B_tight,Bt05_session,12,0,0,0,0,0
Bt05,B_tight,Bt05_session,13,0,1,0,0,0
Bt05,B_tight,Bt05_session,14,0,0,0,0,0
Bt05,B_tight,Bt05_session,15,1,1,1,0,0
Bt05,B_tight,Bt05_session,16,0,0,0,0,1
Bt05,B_tight,Bt05_session,17,0,1,1,0,0
Bt05,B_tight,Bt05_session,18,0,1,0,0,0
Bt05,B_tight,Bt05_session,19,0,0,0,0,1
Bt06,B_tight,Bt06_session,0,0,1,0,0,0
Bt06,B_tight,Bt06_session,1,0,1,0,0,0
Bt06,B_tight,Bt06_session,2,0,1,1,1,0
Bt06,B_tight,Bt06_session,3,0,1,0,0,1
Bt06,B_tight,Bt06_session,4,0,0,0,0,1
Bt06,B_tight,Bt06_session,5,0,0,0,0,0
Bt06,B_tight,Bt06_session,6,0,0,0,1,0
Bt06,B_tight,Bt06_session,7,0,1,1,0,0
Bt06,B_tight,Bt06_session,8,0,1,0,0,0
Bt06,B_tight,Bt06_session,9,0,1,0,0,1
Bt06,B_tight,Bt06_session,10,0,1,0,0,0
Bt06,B_tight,Bt06_session,11,0,1,0,0,0
Bt06,B_tight,Bt06_session,12,0,0,0,0,0
Bt06,B_tight,Bt06_session,13,0,0,1,0,0
Bt06,B_tight,Bt06_session,14,0,1,1,0,1
Bt06,B_tight,Bt06_session,15,1,1,0,0,0
Bt06,B_tight,Bt06_session,16,0,0,0,0,1
Bt06,B_tight,Bt06_session,17,0,1,0,0,0
Bt06,B_tight,Bt06_session,18,0,1,0,0,0
Bt06,B_tight,Bt06_session,19,1,1,0,0,0
Bt07,B_tight,Bt07_session,0,0,1,0,0,1
Bt07,B_tight,Bt07_session,1,0,0,0,1,0
Bt07,B_tight,Bt07_session,2,0,1,0,0,1
Bt07,B_tight,Bt07_session,3,0,1,0,1,0
Bt07,B_tight,Bt07_session,4,0,0,0,0,0
Bt07,B_tight,Bt07_session,5,0,1,0,0,1
Bt07,B_tight,Bt07_session,6,0,0,0,0,0
Bt07,B_tight,Bt07_session,7,0,0,1,0,0
Bt07,B_tight,Bt07_session,8,0,0,0,0,1
Bt07,B_tight,Bt07_session,9,0,0,0,0,0
Bt07,B_tight,Bt07_session,10,0,1,0,0,1
Bt07,B_tight,Bt07_session,11,0,1,0,0,0
Bt07,B_tight,Bt07_session,12,0,0,0,0,0
Bt07,B_tight,Bt07_session,13,1,1,0,0,1
Bt07,B_tight,Bt07_session,14,0,0,1,0,1
Bt07,B_tight,Bt07_session,15,0,0,0,0,0
Bt07,B_tight,Bt07_session,16,0,1,1,0,0
Bt07,B_tight,Bt07_session,17,0,0,0,0,0
Bt07,B_tight,Bt07_session,18,0,1,0,0,1
Bt07,B_tight,Bt07_session,19,0,1,0,0,0
Bt08,B_tight,Bt08_session,0,0,1,0,0,0
Bt08,B_tight,Bt08_session,1,0,0,1,0,0
Bt08,B_tight,Bt08_session,2,0,0,0,0,0
Bt08,B_tight,Bt08_session,3,0,0,0,0,0
Bt08,B_tight,Bt08_session,4,0,0,0,0,1
Bt08,B_tight,Bt08_session,5,0,1,0,0,1
Bt08,B_tight,Bt08_session,6,0,1,0,1,0
Bt08,B_tight,Bt08_session,7,0,0,0,0,0
Bt08,B_tight,Bt08_session,8,0,0,0,0,0
Bt08,B_tight,Bt08_session,9,1,0,0,0,1
Bt08,B_tight,Bt08_session,10,0,0,0,0,1
Bt08,B_tight,Bt08_session,11,0,0,1,0,0
Bt08,B_tight,Bt08_session,12,1,1,0,0,1
Bt08,B_tight,Bt08_session,13,1,1,0,0,0
Bt08,B_tight,Bt08_session,14,0,0,0,0,0
Bt08,B_tight,Bt08_session,15,0,0,1,0,0
Bt08,B_tight,Bt08_session,16,0,1,0,0,0
Bt08,B_tight,Bt08_session,17,0,1,0,0,0
Bt08,B_tight,Bt08_session,18,0,1,0,0,0
Bt08,B_tight,Bt08_session,19,0,0,0,0,1
Bt09,B_tight,Bt09_session,0,0,0,0,0,0
Bt09,B_tight,Bt09_session,1,0,1,0,0,1
Bt09,B_tight,Bt09_session,2,0,0,0,0,0
Bt09,B_tight,Bt09_session,3,0,1,0,0,0
Bt09,B_tight,Bt09_session,4,1,0,0,0,1
Bt09,B_tight,Bt09_session,5,0,0,0,0,1
Bt09,B_tight,Bt09_session,6,0,0,0,0,0
Bt09,B_tight,Bt09_session,7,0,1,0,0,1
Bt09,B_tight,Bt09_session,8,0,0,0,0,0
Bt09,B_tight,Bt09_session,9,0,0,0,0,0
Bt09,B_tight,Bt09_session,10,0,1,0,0,0
Bt09,B_tight,Bt09_session,11,0,1,0,0,0
Bt09,B_tight,Bt09_session,12,0,1,0,0,0
Bt09,B_tight,Bt09_session,13,0,1,0,0,1
Bt09,B_tight,Bt09_session,14,0,0,0,0,0
Bt09,B_tight,Bt09_session,15,0,1,1,0,0
Bt09,B_tight,Bt09_session,16,0,0,1,0,1
Bt09,B_tight,Bt09_session,17,1,1,1,0,1
Bt09,B_tight,Bt09_session,18,0,0,0,0,0
Bt09,B_tight,Bt09_session,19,0,0,1,0,1
Bt10,B_tight,Bt10_session,0,0,0,0,0,1
Bt10,B_tight,Bt10_session,1,0,1,1,0,0
Bt10,B_tight,Bt10_session,2,0,1,0,1,0
Bt10,B_tight,Bt10_session,3,0,1,0,0,1
Bt10,B_tight,Bt10_session,4,0,0,0,1,0
Bt10,B_tight,Bt10_session,5,0,1,1,0,0
Bt10,B_tight,Bt10_session,6,0,1,1,0,1
Bt10,B_tight,Bt10_session,7,0,0,0,0,0
Bt10,B_tight,Bt10_session,8,0,1,1,0,1
Bt10,B_tight,Bt10_session,9,0,1,0,0,0
Bt10,B_tight,Bt10_session,10,0,1,0,0,1
Bt10,B_tight,Bt10_session,11,0,0,0,0,1
Bt10,B_tight,Bt10_session,12,0,0,0,0,1
Bt10,B_tight,Bt10_session,13,0,1,0,0,0
Bt10,B_tight,Bt10_session,14,0,0,0,0,1
Bt10,B_tight,Bt10_session,15,0,1,0,0,0
Bt10,B_tight,Bt10_session,16,0,0,0,0,1
Bt10,B_tight,Bt10_session,17,0,1,0,0,0
Bt10,B_tight,Bt10_session,18,0,1,0,0,0
Bt10,B_tight,Bt10_session,19,0,1,0,0,0
Bt11,B_tight,Bt11_session,0,0,0,0,0,0
Bt11,B_tight,Bt11_session,1,0,1,0,0,0
Bt11,B_tight,Bt11_session,2,0,0,0,0,0
Bt11,B_tight,Bt11_session,3,0,0,1,0,1
Bt11,B_tight,Bt11_session,4,0,0,0,0,1
Bt11,B_tight,Bt11_session,5,0,1,0,0,0
Bt11,B_tight,Bt11_session,6,0,1,0,0,0
Bt11,B_tight,Bt11_session,7,0,1,0,0,1
Bt11,B_tight,Bt11_session,8,0,1,0,0,1
Bt11,B_tight,Bt11_session,9,0,0,0,0,1
Bt11,B_tight,Bt11_session,10,0,0,0,0,0
Bt11,B_tight,Bt11_session,11,0,1,0,0,0
Bt11,B_tight,Bt11_session,12,0,1,1,1,0
Bt11,B_tight,Bt11_session,13,0,0,0,0,0
Bt11,B_tight,Bt11_session,14,0,1,0,0,0
Bt11,B_tight,Bt11_session,15,0,1,1,0,1
Bt11,B_tight,Bt11_session,16,0,1,0,0,1
Bt11,B_tight,Bt11_session,17,0,1,1,0,1
Bt11,B_tight,Bt11_session,18,0,0,0,0,1
Bt11,B_tight,Bt11_session,19,0,1,0,0,0
Bt12,B_tight,Bt12_session,0,0,1,0,0,1
Bt12,B_tight,Bt12_session,1,0,0,0,0,1
Bt12,B_tight,Bt12_session,2,0,1,0,0,0
Bt12,B_tight,Bt12_session,3,0,0,1,0,0
Bt12,B_tight,Bt12_session,4,0,1,0,0,0
Bt12,B_tight,Bt12_session,5,0,1,0,0,0
Bt12,B_tight,Bt12_session,6,0,1,0,0,0
Bt12,B_tight,Bt12_session,7,1,1,0,0,0
Bt12,B_tight,Bt12_session,8,0,0,1,0,0
Bt12,B_tight,Bt12_session,9,0,1,0,0,0
Bt12,B_tight,Bt12_session,10,0,0,1,0,0
Bt12,B_tight,Bt12_session,11,0,1,0,0,1
Bt12,B_tight,Bt12_session,12,0,1,0,0,1
Bt12,B_tight,Bt12_session,13,0,0,0,0,1
Bt12,B_tight,Bt12_session,14,0,1,0,0,0
Bt12,B_tight,Bt12_session,15,0,0,0,0,0
Bt12,B_tight,Bt12_session,16,0,1,0,0,1
Bt12,B_tight,Bt12_session,17,1,0,0,0,0
Bt12,B_tight,Bt12_session,18,0,1,0,0,0
Bt12,B_tight,Bt12_session,19,0,1,0,0,0
Bt13,B_tight,Bt13_session,0,0,0,1,0,1
Bt13,B_tight,Bt13_session,1,0,0,1,0,1
Bt13,B_tight,Bt13_session,2,0,0,0,0,0
Bt13,B_tight,Bt13_session,3,0,1,1,0,0
Bt13,B_tight,Bt13_session,4,0,1,0,0,1
Bt13,B_tight,Bt13_session,5,0,0,0,0,1
Bt13,B_tight,Bt13_session,6,0,1,1,0,1
Bt13,B_tight,Bt13_session,7,0,1,0,0,1
Bt13,B_tight,Bt13_session,8,0,1,0,0,1
Bt13,B_tight,Bt13_session,9,0,1,0,0,1
Bt13,B_tight,Bt13_session,10,0,1,0,0,0
Bt13,B_tight,Bt13_session,11,0,0,1,0,0
Bt13,B_tight,Bt13_session,12,0,0,0,0,0
Bt13,B_tight,Bt13_session,13,0,0,0,0,0
Bt13,B_tight,Bt13_session,14,1,1,0,1,1
Bt13,B_tight,Bt13_session,15,0,1,0,0,1
Bt13,B_tight,Bt13_session,16,0,0,0,0,0
Bt13,B_tight,Bt13_session,17,0,1,1,0,0
Bt13,B_tight,Bt13_session,18,0,0,0,0,0
Bt13,B_tight,Bt13_session,19,1,0,0,0,1
Bt14,B_tight,Bt14_session,0,0,0,0,0,0
Bt14,B_tight,Bt14_session,1,0,0,0,1,1
Bt14,B_tight,Bt14_session,2,0,0,0,0,1
Bt14,B_tight,Bt14_session,3,0,0,0,0,0
Bt14,B_tight,Bt14_session,4,0,0,0,0,0
Bt14,B_tight,Bt14_session,5,0,1,0,0,1
Bt14,B_tight,Bt14_session,6,0,0,0,0,1
Bt14,B_tight,Bt14_session,7,1,0,0,0,0
Bt14,B_tight,Bt14_session,8,1,1,0,0,1
Bt14,B_tight,Bt14_session,9,0,1,0,0,0
Bt14,B_tight,Bt14_session,10,0,0,1,0,0
Bt14,B_tight,Bt14_session,11,0,1,0,0,0
Bt14,B_tight,Bt14_session,12,0,1,1,0,1
Bt14,B_tight,Bt14_session,13,0,0,1,0,1
Bt14,B_tight,Bt14_session,14,0,1,0,0,0
Bt14,B_tight,Bt14_session,15,0,1,0,0,0
Bt14,B_tight,Bt14_session,16,0,0,1,0,1
Bt14,B_tight,Bt14_session,17,0,1,0,0,1
Bt14,B_tight,Bt14_session,18,0,1,0,0,0
Bt14,B_tight,Bt14_session,19,0,1,0,1,0
Bt15,B_tight,Bt15_session,0,1,1,0,0,0
Bt15,B_tight,Bt15_session,1,0,1,0,1,0
Bt15,B_tight,Bt15_session,2,0,1,0,1,0
Bt15,B_tight,Bt15_session,3,0,1,0,0,0
Bt15,B_tight,Bt15_session,4,1,0,1,0,1
Bt15,B_tight,Bt15_session,5,1,1,0,0,1
Bt15,B_tight,Bt15_session,6,0,0,0,0,1
Bt15,B_tight,Bt15_session,7,0,1,1,0,1
Bt15,B_tight,Bt15_session,8,0,1,0,0,0
Bt15,B_tight,Bt15_session,9,0,1,0,0,0
Bt15,B_tight,Bt15_session,10,0,0,0,0,1
Bt15,B_tight,Bt15_session,11,0,1,0,0,1
Bt15,B_tight,Bt15_session,12,0,0,0,0,0
Bt15,B_tight,Bt15_session,13,0,1,1,0,0
Bt15,B_tight,Bt15_session,14,0,0,0,0,1
Bt15,B_tight,Bt15_session,15,0,0,0,0,0
Bt15,B_tight,Bt15_session,16,0,1,0,0,1
Bt15,B_tight,Bt15_session,17,0,1,1,0,1
Bt15,B_tight,Bt15_session,18,0,1,0,0,1
Bt15,B_tight,Bt15_session,19,0,1,0,0,0
Bt16,B_tight,Bt16_session,0,0,1,0,0,1
Bt16,B_tight,Bt16_session,1,0,1,0,0,0
Bt16,B_tight,Bt16_session,2,0,1,0,0,0
Bt16,B_tight,Bt16_session,3,0,0,0,0,0
Bt16,B_tight,Bt16_session,4,0,1,0,0,1
Bt16,B_tight,Bt16_session,5,0,1,0,0,0
Bt16,B_tight,Bt16_session,6,0,1,0,1,1
Bt16,B_tight,Bt16_session,7,0,0,1,0,0
Bt16,B_tight,Bt16_session,8,0,0,1,1,0
Bt16,B_tight,Bt16_session,9,0,0,0,0,1
Bt16,B_tight,Bt16_session,10,0,0,0,0,1
Bt16,B_tight,Bt16_session,11,0,0,0,0,0
Bt16,B_tight,Bt16_session,12,0,0,0,0,0
Bt16,B_tight,Bt16_session,13,0,0,0,0,1
Bt16,B_tight,Bt16_session,14,0,1,0,1,0
Bt16,B_tight,Bt16_session,15,0,0,0,0,1
Bt16,B_tight,Bt16_session,16,0,1,1,0,0
Bt16,B_tight,Bt16_session,17,1,1,1,0,0
Bt16,B_tight,Bt16_session,18,0,0,1,0,0
Bt16,B_tight,Bt16_session,19,0,0,0,0,0
Bt17,B_tight,Bt17_session,0,0,0,0,0,0
Bt17,B_tight,Bt17_session,1,0,1,0,0,1
Bt17,B_tight,Bt17_session,2,0,1,0,0,1
Bt17,B_tight,Bt17_session,3,0,0,1,0,0
Bt17,B_tight,Bt17_session,4,0,0,0,0,1
Bt17,B_tight,Bt17_session,5,0,1,0,0,0
Bt17,B_tight,Bt17_session,6,0,1,0,0,0
Bt17,B_tight,Bt17_session,7,0,0,0,0,1
Bt17,B_tight,Bt17_session,8,0,0,0,0,0
Bt17,B_tight,Bt17_session,9,0,0,0,0,0
Bt17,B_tight,Bt17_session,10,0,1,0,0,0
Bt17,B_tight,Bt17_session,11,0,1,1,0,0
Bt17,B_tight,Bt17_session,12,0,0,1,0,1
Bt17,B_tight,Bt17_session,13,0,1,0,0,0
Bt17,B_tight,Bt17_session,14,0,1,0,0,0
Bt17,B_tight,Bt17_session,15,0,1,0,0,0
Bt17,B_tight,Bt17_session,16,1,1,0,0,0
Bt17,B_tight,Bt17_session,17,0,1,0,0,0
Bt17,B_tight,Bt17_session,18,0,0,0,0,0
Bt17,B_tight,Bt17_session,19,0,1,0,0,0
Bt18,B_tight,Bt18_session,0,0,1,0,0,0
Bt18,B_tight,Bt18_session,1,0,1,1,0,0
Bt18,B_tight,Bt18_session,2,0,0,0,1,0
Bt18,B_tight,Bt18_session,3,0,1,0,0,0
Bt18,B_tight,Bt18_session,4,0,1,0,0,1
Bt18,B_tight,Bt18_session,5,0,0,0,0,0
Bt18,B_tight,Bt18_session,6,0,0,1,0,1
Bt18,B_tight,Bt18_session,7,1,1,0,0,1
Bt18,B_tight,Bt18_session,8,0,0,0,0,0
Bt18,B_tight,Bt18_session,9,0,1,0,0,1
Bt18,B_tight,Bt18_session,10,0,0,0,0,0
Bt18,B_tight,Bt18_session,11,1,1,0,0,1
Bt18,B_tight,Bt18_session,12,0,0,1,0,0
Bt18,B_tight,Bt18_session,13,0,0,0,0,0
Bt18,B_tight,Bt18_session,14,0,1,0,0,1
Bt18,B_tight,Bt18_session,15,0,1,0,0,1
Bt18,B_tight,Bt18_session,16,0,0,0,0,0
Bt18,B_tight,Bt18_session,17,0,1,0,1,1
Bt18,B_tight,Bt18_session,18,1,1,1,0,1
Bt18,B_tight,Bt18_session,19,0,1,0,0,1
Bt19,B_tight,Bt19_session,0,0,0,0,0,1
Bt19,B_tight,Bt19_session,1,0,1,0,0,0
Bt19,B_tight,Bt19_session,2,0,1,1,0,1
Bt19,B_tight,Bt19_session,3,0,0,1,0,1
Bt19,B_tight,Bt19_session,4,0,0,0,0,0
Bt19,B_tight,Bt19_session,5,0,1,1,0,1
Bt19,B_tight,Bt19_session,6,0,1,1,0,0
Bt19,B_tight,Bt19_session,7,0,1,0,0,1
Bt19,B_tight,Bt19_session,8,0,0,0,0,1
Bt19,B_tight,Bt19_session,9,0,0,1,0,1
Bt19,B_tight,Bt19_session,10,0,1,0,0,0
Bt19,B_tight,Bt19_session,11,0,0,1,0,0
Bt19,B_tight,Bt19_session,12,0,1,0,0,0
Bt19,B_tight,Bt19_session,13,0,1,0,1,0
Bt19,B_tight,Bt19_session,14,1,0,0,0,0
Bt19,B_tight,Bt19_session,15,0,1,1,0,0
Bt19,B_tight,Bt19_session,16,0,0,0,0,1
Bt19,B_tight,Bt19_session,17,0,0,0,0,0
Bt19,B_tight,Bt19_session,18,0,1,1,1,0
Bt19,B_tight,Bt19_session,19,0,0,1,0,0
Bt20,B_tight,Bt20_session,0,0,1,0,0,1
Bt20,B_tight,Bt20_session,1,0,1,0,0,0
Bt20,B_tight,Bt20_session,2,0,1,1,0,1
Bt20,B_tight,Bt20_session,3,0,0,0,0,0
Bt20,B_tight,Bt20_session,4,0,0,1,0,1
Bt20,B_tight,Bt20_session,5,0,1,0,0,0
Bt20,B_tight,Bt20_session,6,0,0,0,0,0
Bt20,B_tight,Bt20_session,7,0,0,0,0,0
Bt20,B_tight,Bt20_session,8,0,0,1,0,0
Bt20,B_tight,Bt20_session,9,0,0,1,0,0
Bt20,B_tight,Bt20_session,10,0,1,0,0,1
Bt20,B_tight,Bt20_session,11,0,1,0,1,1
Bt20,B_tight,Bt20_session,12,0,1,0,0,0
Bt20,B_tight,Bt20_session,13,0,1,0,0,1
Bt20,B_tight,Bt20_session,14,0,1,0,0,0
Bt20,B_tight,Bt20_session,15,0,1,0,0,0
Bt20,B_tight,Bt20_session,16,0,1,0,0,1
Bt20,B_tight,Bt20_session,17,0,0,0,0,1
Bt20,B_tight,Bt20_session,18,0,1,0,0,0
Bt20,B_tight,Bt20_session,19,0,0,0,0,0
Bt21,B_tight,Bt21_session,0,0,1,0,0,1
Bt21,B_tight,Bt21_session,1,0,0,0,0,1
Bt21,B_tight,Bt21_session,2,1,0,0,0,1
Bt21,B_tight,Bt21_session,3,0,1,0,1,1
Bt21,B_tight,Bt21_session,4,0,1,0,0,1
Bt21,B_tight,Bt21_session,5,0,0,1,0,0
Bt21,B_tight,Bt21_session,6,0,1,1,0,0
Bt21,B_tight,Bt21_session,7,0,1,0,0,1
Bt21,B_tight,Bt21_session,8,0,0,0,0,0
Bt21,B_tight,Bt21_session,9,0,1,0,0,0
Bt21,B_tight,Bt21_session,10,0,0,0,0,1
Bt21,B_tight,Bt21_session,11,0,0,0,0,0
Bt21,B_tight,Bt21_session,12,0,1,0,0,1
Bt21,B_tight,Bt21_session,13,0,1,0,0,0
Bt21,B_tight,Bt21_session,14,0,1,0,0,0
Bt21,B_tight,Bt21_session,15,1,1,0,0,0
Bt21,B_tight,Bt21_session,16,0,1,0,0,1
Bt21,B_tight,Bt21_session,17,0,1,0,0,1
Bt21,B_tight,Bt21_session,18,0,0,0,0,1
Bt21,B_tight,Bt21_session,19,0,1,0,0,1
Bt22,B_tight,Bt22_session,0,0,0,0,0,1
Bt22,B_tight,Bt22_session,1,0,0,0,0,0
Bt22,B_tight,Bt22_session,2,0,1,1,0,0
Bt22,B_tight,Bt22_session,3,1,1,0,0,0
Bt22,B_tight,Bt22_session,4,0,1,0,0,0
Bt22,B_tight,Bt22_session,5,0,1,0,0,0
Bt22,B_tight,Bt22_session,6,0,0,0,0,0
Bt22,B_tight,Bt22_session,7,0,0,0,0,1
Bt22,B_tight,Bt22_session,8,0,1,0,0,0
Bt22,B_tight,Bt22_session,9,0,1,0,0,0
Bt22,B_tight,Bt22_session,10,0,0,0,0,0
Bt22,B_tight,Bt22_session,11,0,0,0,0,1
Bt22,B_tight,Bt22_session,12,0,1,0,0,0
Bt22,B_tight,Bt22_session,13,0,0,1,0,1
Bt22,B_tight,Bt22_session,14,0,0,0,0,0
Bt22,B_tight,Bt22_session,15,0,0,0,0,0
Bt22,B_tight,Bt22_session,16,0,1,0,0,0
Bt22,B_tight,Bt22_session,17,0,0,0,0,0
Bt22,B_tight,Bt22_session,18,0,0,0,0,0
Bt22,B_tight,Bt22_session,19,0,0,0,0,0
Bt23,B_tight,Bt23_session,0,0,0,1,1,1
Bt23,B_tight,Bt23_session,1,0,1,0,0,1
Bt23,B_tight,Bt23_session,2,0,1,0,0,0
Bt23,B_tight,Bt23_session,3,0,1,1,0,1
Bt23,B_tight,Bt23_session,4,0,0,0,0,0
Bt23,B_tight,Bt23_session,5,0,1,0,0,0
Bt23,B_tight,Bt23_session,6,0,1,1,0,1
Bt23,B_tight,Bt23_session,7,0,1,1,0,1
Bt23,B_tight,Bt23_session,8,0,0,1,0,0
Bt23,B_tight,Bt23_session,9,0,1,1,0,0
Bt23,B_tight,Bt23_session,10,0,0,1,0,0
Bt23,B_tight,Bt23_session,11,0,1,0,0,1
Bt23,B_tight,Bt23_session,12,0,1,0,0,1
Bt23,B_tight,Bt23_session,13,1,0,1,0,1
Bt23,B_tight,Bt23_session,14,0,1,1,0,1
Bt23,B_tight,Bt23_session,15,0,0,0,1,0
Bt23,B_tight,Bt23_session,16,0,0,0,0,0
Bt23,B_tight,Bt23_session,17,0,0,0,0,1
Bt23,B_tight,Bt23_session,18,0,0,0,1,0
Bt23,B_tight,Bt23_session,19,0,1,0,0,0
Bt24,B_tight,Bt24_session,0,0,0,0,0,0
Bt24,B_tight,Bt24_session,1,0,1,0,0,1
Bt24,B_tight,Bt24_session,2,0,0,0,0,1
Bt24,B_tight,Bt24_session,3,0,1,1,1,0
Bt24,B_tight,Bt24_session,4,0,1,0,1,0
Bt24,B_tight,Bt24_session,5,0,1,1,0,1
Bt24,B_tight,Bt24_session,6,0,1,0,0,0
Bt24,B_tight,Bt24_session,7,0,1,0,0,0
Bt24,B_tight,Bt24_session,8,1,0,0,0,1
Bt24,B_tight,Bt24_session,9,0,0,1,0,1
Bt24,B_tight,Bt24_session,10,0,1,0,0,0
Bt24,B_tight,Bt24_session,11,0,0,0,0,1
Bt24,B_tight,Bt24_session,12,0,0,0,0,0
Bt24,B_tight,Bt24_session,13,0,1,0,1,0
Bt24,B_tight,Bt24_session,14,0,1,1,0,0
Bt24,B_tight,Bt24_session,15,0,1,0,0,0
Bt24,B_tight,Bt24_session,16,0,1,0,0,0
Bt24,B_tight,Bt24_session,17,0,1,0,1,1
Bt24,B_tight,Bt24_session,18,0,1,0,0,0
Bt24,B_tight,Bt24_session,19,0,0,0,0,1
Bt25,B_tight,Bt25_session,0,0,0,0,0,1
Bt25,B_tight,Bt25_session,1,0,1,0,0,0
Bt25,B_tight,Bt25_session,2,0,1,0,0,1
Bt25,B_tight,Bt25_session,3,0,0,0,0,1
Bt25,B_tight,Bt25_session,4,0,0,0,0,1
Bt25,B_tight,Bt25_session,5,0,1,1,0,0
Bt25,B_tight,Bt25_session,6,0,1,1,0,0
Bt25,B_tight,Bt25_session,7,0,0,0,0,1
Bt25,B_tight,Bt25_session,8,0,1,0,0,1
Bt25,B_tight,Bt25_session,9,0,1,0,1,0
Bt25,B_tight,Bt25_session,10,0,1,0,0,1
Bt25,B_tight,Bt25_session,11,0,1,1,0,0
Bt25,B_tight,Bt25_session,12,0,0,0,0,1
Bt25,B_tight,Bt25_session,13,0,0,0,0,1
Bt25,B_tight,Bt25_session,14,0,1,0,0,0
Bt25,B_tight,Bt25_session,15,0,0,0,0,0
Bt25,B_tight,Bt25_session,16,0,0,0,0,0
Bt25,B_tight,Bt25_session,17,0,0,0,0,1
Bt25,B_tight,Bt25_session,18,0,1,0,0,0
Bt25,B_tight,Bt25_session,19,0,1,0,0,1
Bt26,B_tight,Bt26_session,0,0,1,1,0,0
Bt26,B_tight,Bt26_session,1,0,1,0,0,1
Bt26,B_tight,Bt26_session,2,0,1,0,0,1
Bt26,B_tight,Bt26_session,3,0,0,0,0,0
Bt26,B_tight,Bt26_session,4,0,0,1,0,1
Bt26,B_tight,Bt26_session,5,0,0,0,0,0
Bt26,B_tight,Bt26_session,6,0,0,0,1,0
Bt26,B_tight,Bt26_session,7,0,0,0,0,1
Bt26,B_tight,Bt26_session,8,0,0,0,0,0
Bt26,B_tight,Bt26_session,9,0,1,0,0,1
Bt26,B_tight,Bt26_session,10,0,0,0,0,1
Bt26,B_tight,Bt26_session,11,0,1,0,0,0
Bt26,B_tight,Bt26_session,12,0,1,0,0,1
Bt26,B_tight,Bt26_session,13,0,1,0,0,0
Bt26,B_tight,Bt26_session,14,0,0,0,0,0
Bt26,B_tight,Bt26_session,15,0,1,0,0,0
Bt26,B_tight,Bt26_session,16,0,1,1,1,1
Bt26,B_tight,Bt26_session,17,0,1,0,1,0
Bt26,B_tight,Bt26_session,18,0,0,0,0,0
Bt26,B_tight,Bt26_session,19,0,0,1,0,1
Bt27,B_tight,Bt27_session,0,0,1,0,0,1
Bt27,B_tight,Bt27_session,1,0,1,0,0,0
Bt27,B_tight,Bt27_session,2,1,1,0,0,0
Bt27,B_tight,Bt27_session,3,0,0,1,0,0
Bt27,B_tight,Bt27_session,4,0,0,0,0,1
Bt27,B_tight,Bt27_session,5,0,0,0,0,0
Bt27,B_tight,Bt27_session,6,0,1,0,1,1
Bt27,B_tight,Bt27_session,7,0,0,0,0,1
Bt27,B_tight,Bt27_session,8,0,0,0,0,1
Bt27,B_tight,Bt27_session,9,0,1,0,0,1
Bt27,B_tight,Bt27_session,10,0,1,0,0,0
Bt27,B_tight,Bt27_session,11,0,1,0,0,0
Bt27,B_tight,Bt27_session,12,0,1,1,0,1
Bt27,B_tight,Bt27_session,13,0,0,0,0,1
Bt27,B_tight,Bt27_session,14,0,1,0,0,0
Bt27,B_tight,Bt27_session,15,0,0,0,0,1
Bt27,B_tight,Bt27_session,16,0,0,0,0,0
Bt27,B_tight,Bt27_session,17,0,1,0,0,1
Bt27,B_tight,Bt27_session,18,0,1,0,0,0
Bt27,B_tight,Bt27_session,19,0,0,0,0,0
Bt28,B_tight,Bt28_session,0,0,1,0,0,0
Bt28,B_tight,Bt28_session,1,0,1,0,0,0
Bt28,B_tight,Bt28_session,2,0,1,1,0,1
Bt28,B_tight,Bt28_session,3,0,0,0,0,1
Bt28,B_tight,Bt28_session,4,0,0,0,0,0
Bt28,B_tight,Bt28_session,5,0,0,1,0,1
Bt28,B_tight,Bt28_session,6,0,0,1,1,1
Bt28,B_tight,Bt28_session,7,0,1,0,0,1
Bt28,B_tight,Bt28_session,8,0,1,1,0,0
Bt28,B_tight,Bt28_session,9,0,0,1,0,0
Bt28,B_tight,Bt28_session,10,0,1,0,0,0
Bt28,B_tight,Bt28_session,11,0,0,0,0,0
Bt28,B_tight,Bt28_session,12,0,1,0,0,0
Bt28,B_tight,Bt28_session,13,0,1,0,0,0
Bt28,B_tight,Bt28_session,14,0,0,1,0,1
Bt28,B_tight,Bt28_session,15,0,0,0,0,1
Bt28,B_tight,Bt28_session,16,0,0,0,0,0
Bt28,B_tight,Bt28_session,17,0,1,0,0,0
Bt28,B_tight,Bt28_session,18,0,1,0,0,0
Bt28,B_tight,Bt28_session,19,0,1,1,0,0
Bt29,B_tight,Bt29_session,0,0,1,0,0,1
Bt29,B_tight,Bt29_session,1,0,0,0,0,0
Bt29,B_tight,Bt29_session,2,0,1,1,0,1
Bt29,B_tight,Bt29_session,3,0,1,0,0,0
Bt29,B_tight,Bt29_session,4,0,1,0,0,1
Bt29,B_tight,Bt29_session,5,0,0,0,0,0
Bt29,B_tight,Bt29_session,6,0,1,0,1,1
Bt29,B_tight,Bt29_session,7,0,0,0,1,0
Bt29,B_tight,Bt29_session,8,0,0,0,0,1
Bt29,B_tight,Bt29_session,9,0,0,0,0,0
Bt29,B_tight,Bt29_session,10,0,0,0,0,1
Bt29,B_tight,Bt29_session,11,0,1,0,0,0
Bt29,B_tight,Bt29_session,12,0,1,0,0,1
Bt29,B_tight,Bt29_session,13,0,1,0,0,0
Bt29,B_tight,Bt29_session,14,0,0,0,0,0
Bt29,B_tight,Bt29_session,15,0,0,0,0,1
Bt29,B_tight,Bt29_session,16,0,0,1,0,0
Bt29,B_tight,Bt29_session,17,0,0,0,0,1
Bt29,B_tight,Bt29_session,18,0,0,0,0,0
Bt29,B_tight,Bt29_session,19,0,0,0,0,1
Bt30,B_tight,Bt30_session,0,0,1,0,0,1
Bt30,B_tight,Bt30_session,1,0,0,1,0,0
Bt30,B_tight,Bt30_session,2,0,0,0,0,1
Bt30,B_tight,Bt30_session,3,0,0,0,0,0
Bt30,B_tight,Bt30_session,4,0,1,1,0,1
Bt30,B_tight,Bt30_session,5,0,0,0,0,1
Bt30,B_tight,Bt30_session,6,1,1,0,0,0
Bt30,B_tight,Bt30_session,7,0,0,0,0,0
Bt30,B_tight,Bt30_session,8,0,0,0,0,1
Bt30,B_tight,Bt30_session,9,1,1,0,0,1
Bt30,B_tight,Bt30_session,10,0,1,0,0,1
Bt30,B_tight,Bt30_session,11,0,1,0,0,0
Bt30,B_tight,Bt30_session,12,0,0,0,0,0
Bt30,B_tight,Bt30_session,13,1,0,0,0,0
Bt30,B_tight,Bt30_session,14,0,0,0,0,0
Bt30,B_tight,Bt30_session,15,0,1,0,0,0
Bt30,B_tight,Bt30_session,16,0,1,0,0,1
Bt30,B_tight,Bt30_session,17,0,0,0,1,0
Bt30,B_tight,Bt30_session,18,0,1,0,0,0
Bt30,B_tight,Bt30_session,19,1,0,0,0,1
